candidate_id,class_id,eligible,utility_median,median_confidence,median_iou,manifold_score,seed
dwbg_0_42_0_000000,0,False,,0.0021656465250998735,0.4377124011516571,0.4265921423591357,42
dwbg_0_42_10_000001,0,False,,0.04491734504699707,0.5953080058097839,0.5109863565169797,42
dwbg_0_42_12_000002,0,False,,0.0,0.0,0.18709833327131303,42
dwbg_0_42_13_000003,0,False,,0.04445658251643181,0.6668104529380798,0.5320853520528447,42
dwbg_0_42_14_000004,0,False,,0.00880731176584959,0.6673709154129028,0.37573093654863204,42
dwbg_0_42_15_000005,0,False,,0.0030933720991015434,0.549703061580658,0.3891879343724411,42
dwbg_0_42_16_000006,0,False,,0.008110737428069115,0.609571635723114,0.3986588099993512,42
dwbg_0_42_17_000007,0,False,,0.004387965891510248,0.6824463605880737,0.5171513697952118,42
dwbg_0_42_18_000008,0,False,,0.004577304236590862,0.6513369679450989,0.48481710908913256,42
dwbg_0_42_19_000009,0,False,,0.020259801298379898,0.6705130934715271,0.5139420515332248,42
dwbg_0_42_20_000010,0,False,,0.20545394718647003,0.6681799292564392,0.47198860884713395,42
dwbg_0_42_21_000011,0,False,,0.17717593908309937,0.7706363201141357,0.07127111789042435,42
dwbg_0_42_23_000012,0,False,,0.0015106508508324623,0.7156134247779846,0.049233560390326524,42
dwbg_0_42_25_000013,0,False,,0.12548266351222992,0.6687667965888977,0.5878674765454869,42
dwbg_0_42_26_000014,0,False,,0.13288438320159912,0.6389638185501099,0.18014290841990765,42
dwbg_0_42_27_000015,0,False,,0.012873632833361626,0.7352427244186401,0.49653357754774147,42
dwbg_0_42_28_000016,0,False,,0.01894768513739109,0.40016961097717285,0.26327988400575364,42
dwbg_0_42_29_000017,0,False,,0.002693217247724533,0.6258531212806702,0.391443553099366,42
dwbg_0_42_3_000018,0,False,,0.001307993778027594,0.6928540468215942,0.2814891048310167,42
dwbg_0_42_30_000019,0,False,,0.03772049397230148,0.6631527543067932,0.5692718887340503,42
dwbg_0_42_31_000020,0,False,,0.24400106072425842,0.7414738535881042,0.554374601916376,42
dwbg_0_42_32_000021,0,False,,0.010791742242872715,0.7658686637878418,0.6860259850809686,42
dwbg_0_42_33_000022,0,False,,0.039637498557567596,0.4701767563819885,0.4686898983294722,42
dwbg_0_42_34_000023,0,False,,0.022381672635674477,0.5836910009384155,0.6237641411614836,42
dwbg_0_42_35_000024,0,False,,0.003749994095414877,0.520335853099823,0.6533917122282525,42
dwbg_0_42_36_000025,0,False,,0.011370796710252762,0.7283896207809448,0.6984128209272694,42
dwbg_0_42_37_000026,0,False,,0.3044140040874481,0.4824737310409546,0.5250226709713848,42
dwbg_0_42_40_000027,0,False,,0.0024255486205220222,0.577808678150177,0.652489527562723,42
dwbg_0_42_41_000028,0,False,,0.037477001547813416,0.44343388080596924,0.47278664398201364,42
dwbg_0_42_42_000029,0,False,,0.026877248659729958,0.5862537026405334,0.3825888105267565,42
dwbg_0_42_43_000030,0,False,,0.0,0.0,0.2654703424926182,42
dwbg_0_42_44_000031,0,False,,0.0024294527247548103,0.7134485244750977,0.5515112636208843,42
dwbg_0_42_45_000032,0,False,,0.004411417990922928,0.6120682954788208,0.4570581894379586,42
dwbg_0_42_46_000033,0,False,,0.0011467443546280265,0.6380648016929626,0.5092914951584896,42
dwbg_0_42_47_000034,0,False,,0.019229577854275703,0.644586980342865,0.354250275505556,42
dwbg_0_42_48_000035,0,False,,0.3395979702472687,0.562879204750061,0.38003763777924415,42
dwbg_0_42_49_000036,0,False,,0.05603816360235214,0.7892271876335144,0.6118852282247963,42
dwbg_0_42_5_000037,0,False,,0.1101737692952156,0.0,2.0354749963342793e-05,42
dwbg_0_42_50_000038,0,False,,0.4393996298313141,0.7367556691169739,0.5936533817115378,42
dwbg_0_42_51_000039,0,False,,0.2974269688129425,0.5881780385971069,0.5514037181346768,42
dwbg_0_42_53_000040,0,False,,0.013875589706003666,0.7789325714111328,0.5046905928505088,42
dwbg_0_42_54_000041,0,False,,0.005580994300544262,0.7135452628135681,0.46439772649131295,42
dwbg_0_42_55_000042,0,False,,0.0,0.0,0.19396971088515574,42
dwbg_0_42_56_000043,0,False,,0.15249577164649963,0.5501109957695007,0.45744828700219586,42
dwbg_0_42_57_000044,0,False,,0.00162320036906749,0.5448176264762878,0.5236209221656075,42
dwbg_0_42_59_000045,0,False,,0.10593436658382416,0.7609588503837585,0.5813377988154602,42
dwbg_0_42_6_000046,0,False,,0.0,0.0,0.3135752263036226,42
dwbg_0_42_60_000047,0,False,,0.24621620774269104,0.4880479872226715,0.5905410689175274,42
dwbg_0_42_61_000048,0,False,,0.3727543354034424,0.626322865486145,0.5013085035725279,42
dwbg_0_42_62_000049,0,False,,0.21540343761444092,0.5604280233383179,0.6272209510765078,42
dwbg_0_42_63_000050,0,False,,0.0040391054935753345,0.6627641320228577,0.5344721611835728,42
dwbg_0_42_64_000051,0,False,,0.08654065430164337,0.7484909892082214,0.5510274691576225,42
dwbg_0_42_65_000052,0,False,,0.010240373201668262,0.7372666001319885,0.620422870677565,42
dwbg_0_42_66_000053,0,False,,0.5075445771217346,0.5060687065124512,0.5459537996654883,42
dwbg_0_42_67_000054,0,False,,0.10091625154018402,0.42741796374320984,0.3666712076077216,42
dwbg_0_42_68_000055,0,False,,0.03311718627810478,0.0,2.889028511726746e-06,42
dwbg_0_42_7_000056,0,False,,0.02216152660548687,0.6510112881660461,0.4788644189464987,42
dwbg_0_42_71_000057,0,False,,0.006572491489350796,0.0,3.891354978057527e-07,42
dwbg_0_42_73_000058,0,False,,0.0010145787382498384,0.5086343884468079,0.3377476573457346,42
dwbg_0_42_74_000059,0,False,,0.0027694229502230883,0.7250950932502747,0.47211634066383806,42
dwbg_0_42_75_000060,0,False,,0.40271425247192383,0.5728189945220947,0.600223433824764,42
dwbg_0_42_8_000061,0,False,,0.006544049829244614,0.6469027996063232,0.31541025884799606,42
dwbg_0_42_9_000062,0,False,,0.010326510295271873,0.5128830671310425,0.6025527204913336,42
dwbg_1_42_10_000063,1,False,,0.3419645130634308,0.4832727611064911,0.7357116167615779,42
dwbg_1_42_13_000064,1,False,,0.0029382440261542797,0.2875904440879822,0.5932776912331096,42
dwbg_1_42_14_000065,1,False,,0.2626895010471344,0.3990093171596527,0.6039580242357306,42
dwbg_1_42_15_000066,1,False,,0.5484411120414734,0.6229357123374939,0.6784871952941065,42
dwbg_1_42_16_000067,1,False,,0.6825155019760132,0.5826935172080994,0.8075830198762096,42
dwbg_1_42_2_000068,1,False,,0.07852461189031601,0.7428357601165771,0.7116742574715412,42
dwbg_1_42_20_000069,1,False,,0.0024187404196709394,0.6255696415901184,0.7338401153510953,42
dwbg_1_42_23_000070,1,False,,0.5555571913719177,0.5459387302398682,0.6652030801091082,42
dwbg_1_42_24_000071,1,False,,0.006066410802304745,0.43451806902885437,0.7505375349121739,42
dwbg_1_42_26_000072,1,False,,0.021794678643345833,0.29326725006103516,0.38585117783150147,42
dwbg_1_42_27_000073,1,False,,0.5667186379432678,0.4219333231449127,0.5296455865215661,42
dwbg_1_42_29_000074,1,False,,0.0036151697859168053,0.6637383699417114,0.7249123947424806,42
dwbg_1_42_3_000075,1,False,,0.5508360266685486,0.8160115480422974,0.7862429095160675,42
dwbg_1_42_30_000076,1,False,,0.5943395495414734,0.38672688603401184,0.4053470279149821,42
dwbg_1_42_33_000077,1,False,,0.09265149384737015,0.16982391476631165,0.5348243972194786,42
dwbg_1_42_34_000078,1,False,,0.6671709418296814,0.5564553737640381,0.7843446753422527,42
dwbg_1_42_35_000079,1,False,,0.4877943992614746,0.7831359505653381,0.6916323247550513,42
dwbg_1_42_4_000080,1,False,,0.7050510048866272,0.6341233849525452,0.7250938608381757,42
dwbg_1_42_6_000081,1,False,,0.3611758351325989,0.46095001697540283,0.6347507830760434,42
dwbg_1_42_9_000082,1,False,,0.20557141304016113,0.634576678276062,0.8063502709080528,42
dwbg_0_3407_0_000083,0,False,,0.009769131429493427,0.350967675447464,0.3571481191701059,3407
dwbg_0_3407_10_000084,0,False,,0.41531357169151306,0.6752994656562805,0.25339840437332806,3407
dwbg_0_3407_11_000085,0,False,,0.0,0.0,0.05422931700946961,3407
dwbg_0_3407_12_000086,0,False,,0.02786208502948284,0.6388627886772156,0.6296571699800951,3407
dwbg_0_3407_13_000087,0,False,,0.005237700883299112,0.3468163013458252,0.3725358556760705,3407
dwbg_0_3407_14_000088,0,False,,0.0,0.0,0.1059069633372914,3407
dwbg_0_3407_15_000089,0,False,,0.05518799647688866,0.6442856192588806,0.5813716663864412,3407
dwbg_0_3407_16_000090,0,False,,0.0,0.0,0.17726919094392174,3407
dwbg_0_3407_17_000091,0,False,,0.48340967297554016,0.5904167890548706,0.7286208569259768,3407
dwbg_0_3407_18_000092,0,False,,0.028737006708979607,0.5509244203567505,0.2718076749642275,3407
dwbg_0_3407_19_000093,0,False,,0.10590609908103943,0.3651438057422638,0.49671136588764286,3407
dwbg_0_3407_2_000094,0,False,,0.08779456466436386,0.8094696402549744,0.6467500829507244,3407
dwbg_0_3407_20_000095,0,False,,0.015305635519325733,0.0,0.21375714974390853,3407
dwbg_0_3407_21_000096,0,False,,0.013519207015633583,0.6963801383972168,0.6005458005659806,3407
dwbg_0_3407_22_000097,0,False,,0.049980003386735916,0.7434386014938354,0.47822497537828346,3407
dwbg_0_3407_23_000098,0,False,,0.0022716906387358904,0.0,0.05845746597405943,3407
dwbg_0_3407_24_000099,0,False,,0.07087285071611404,0.0,0.029597525825692247,3407
dwbg_0_3407_26_000100,0,False,,0.0026905445847660303,0.0,0.5728679313420884,3407
dwbg_0_3407_27_000101,0,False,,0.03234438970685005,0.6282019019126892,0.5224734813660911,3407
dwbg_0_3407_28_000102,0,False,,0.22511504590511322,0.6382412910461426,0.43975549947573883,3407
dwbg_0_3407_29_000103,0,False,,0.0064272284507751465,0.63630211353302,0.2614305280098677,3407
dwbg_0_3407_3_000104,0,False,,0.31355705857276917,0.6737746596336365,0.542180882972646,3407
dwbg_0_3407_30_000105,0,False,,0.0381731279194355,0.7884901762008667,0.3129958534360615,3407
dwbg_0_3407_31_000106,0,False,,0.010493922978639603,0.49648231267929077,0.5677304564924815,3407
dwbg_0_3407_32_000107,0,False,,0.027391081675887108,0.42492660880088806,0.5482432330337704,3407
dwbg_0_3407_33_000108,0,False,,0.02005808614194393,0.6152571439743042,0.5850363642921022,3407
dwbg_0_3407_34_000109,0,False,,0.001817210577428341,0.6014733910560608,0.4183639187629079,3407
dwbg_0_3407_35_000110,0,False,,0.009739148430526257,0.0,0.4429895857613598,3407
dwbg_0_3407_36_000111,0,False,,0.1647484004497528,0.44825923442840576,0.2625938684053453,3407
dwbg_0_3407_38_000112,0,False,,0.4448759853839874,0.6621109843254089,0.5919490454055694,3407
dwbg_0_3407_39_000113,0,False,,0.06469069421291351,0.5884993076324463,0.491640085866585,3407
dwbg_0_3407_40_000114,0,False,,0.04707588627934456,0.730940043926239,0.33705309170233133,3407
dwbg_0_3407_41_000115,0,False,,0.016741467639803886,0.4639621078968048,0.4328677207137204,3407
dwbg_0_3407_42_000116,0,False,,0.012490940280258656,0.8519258499145508,0.25485885728944957,3407
dwbg_0_3407_45_000117,0,False,,0.0028549563139677048,0.8020187616348267,0.41265747889113014,3407
dwbg_0_3407_46_000118,0,False,,0.002451737876981497,0.562385082244873,0.4279141770526683,3407
dwbg_0_3407_49_000119,0,False,,0.17194198071956635,0.5996344089508057,0.628814400126213,3407
dwbg_0_3407_5_000120,0,False,,0.004419873934239149,0.2958935797214508,0.2960013440585853,3407
dwbg_0_3407_51_000121,0,False,,0.005709214136004448,0.641762375831604,0.4138634033224493,3407
dwbg_0_3407_52_000122,0,False,,0.0029864967800676823,0.6519981622695923,0.27689988505704366,3407
dwbg_0_3407_53_000123,0,False,,0.0,0.0,0.016765506996644332,3407
dwbg_0_3407_54_000124,0,False,,0.04489180073142052,0.0,0.3240712764248422,3407
dwbg_0_3407_55_000125,0,False,,0.12265174090862274,0.7119196057319641,0.1580157493087665,3407
dwbg_0_3407_56_000126,0,False,,0.0011639466974884272,0.0,0.24057405063058257,3407
dwbg_0_3407_57_000127,0,False,,0.007521543651819229,0.5867577791213989,0.42949356694907725,3407
dwbg_0_3407_58_000128,0,False,,0.00473532360047102,0.8226259350776672,0.6823250720268753,3407
dwbg_0_3407_59_000129,0,False,,0.1054297462105751,0.5250895023345947,0.3462101726903062,3407
dwbg_0_3407_61_000130,0,False,,0.3028469383716583,0.6229403018951416,0.4239731320388575,3407
dwbg_0_3407_62_000131,0,False,,0.05355500802397728,0.6821134686470032,0.36275967846917656,3407
dwbg_0_3407_63_000132,0,False,,0.03716433048248291,0.5574933290481567,0.03158642282706418,3407
dwbg_0_3407_65_000133,0,False,,0.10006782412528992,0.8839213848114014,0.5322491950036796,3407
dwbg_0_3407_66_000134,0,False,,0.0036451383493840694,0.6083354353904724,0.47665510628822877,3407
dwbg_0_3407_67_000135,0,False,,0.02154015190899372,0.7548149228096008,0.6201700956542141,3407
dwbg_0_3407_68_000136,0,False,,0.006405383814126253,0.7848979830741882,0.3797874206915948,3407
dwbg_0_3407_69_000137,0,False,,0.022226696833968163,0.6262867450714111,0.6514366468473396,3407
dwbg_0_3407_7_000138,0,False,,0.004935478791594505,0.592495858669281,0.3900193886145693,3407
dwbg_0_3407_70_000139,0,False,,0.0313609279692173,0.5073314309120178,0.5735213578189207,3407
dwbg_0_3407_73_000140,0,False,,0.0,0.0,0.24946424848591112,3407
dwbg_0_3407_74_000141,0,False,,0.17696276307106018,0.6114287376403809,0.5799572566085285,3407
dwbg_0_3407_8_000142,0,False,,0.5178616642951965,0.0,0.3039078486984641,3407
dwbg_0_3407_9_000143,0,False,,0.004785038065165281,0.6857610940933228,0.6343986333248127,3407
dwbg_1_3407_11_000144,1,False,,0.31006789207458496,0.429484486579895,0.45144285155487934,3407
dwbg_1_3407_12_000145,1,False,,0.41454827785491943,0.7043832540512085,0.7765245286540672,3407
dwbg_1_3407_14_000146,1,False,,0.19519594311714172,0.6026021242141724,0.7300303513708011,3407
dwbg_1_3407_15_000147,1,False,,0.0011933447094634175,0.575079083442688,0.6813728241028738,3407
dwbg_1_3407_16_000148,1,False,,0.3917671740055084,0.5691976547241211,0.38095328960960356,3407
dwbg_1_3407_17_000149,1,False,,0.00903863925486803,0.5741851329803467,0.69384900102582,3407
dwbg_1_3407_18_000150,1,False,,0.613862931728363,0.6819366812705994,0.7242777282825489,3407
dwbg_1_3407_19_000151,1,False,,0.30524158477783203,0.6318652629852295,0.7555498119001751,3407
dwbg_1_3407_20_000152,1,False,,0.0036907626781612635,0.6352649927139282,0.7238926947491892,3407
dwbg_1_3407_21_000153,1,False,,0.40457865595817566,0.4735560417175293,0.663404160995494,3407
dwbg_1_3407_22_000154,1,False,,0.4446048140525818,0.7647817730903625,0.7653108814310137,3407
dwbg_1_3407_23_000155,1,False,,0.6339592933654785,0.6697758436203003,0.7671208763367219,3407
dwbg_1_3407_24_000156,1,False,,0.20718738436698914,0.6407837271690369,0.6484156139202273,3407
dwbg_1_3407_25_000157,1,False,,0.0,0.0,0.1976840485870065,3407
dwbg_1_3407_28_000158,1,False,,0.5025106072425842,0.7032749652862549,0.7708460498226326,3407
dwbg_1_3407_30_000159,1,False,,0.4605284035205841,0.6247454285621643,0.43340344552644827,3407
dwbg_1_3407_31_000160,1,False,,0.5981941223144531,0.8172898292541504,0.7925973654619292,3407
dwbg_1_3407_32_000161,1,False,,0.3371993899345398,0.714988648891449,0.7320647892419584,3407
dwbg_1_3407_33_000162,1,False,,0.42391806840896606,0.7612711787223816,0.761699585033843,3407
dwbg_1_3407_34_000163,1,False,,0.10125739127397537,0.5296173691749573,0.6908361943023517,3407
dwbg_1_3407_35_000164,1,False,,0.007062052842229605,0.7270022630691528,0.6310758939517253,3407
dwbg_1_3407_7_000165,1,False,,0.6025636792182922,0.5064499974250793,0.5673104240779724,3407
dwbg_1_3407_9_000166,1,False,,0.022281261160969734,0.8188523650169373,0.8189878424932672,3407
dwbg_0_7859_0_000167,0,False,,0.006740691140294075,0.5105133652687073,0.6734315640054006,7859
dwbg_0_7859_10_000168,0,False,,0.11324013024568558,0.42389926314353943,0.5375352964987793,7859
dwbg_0_7859_11_000169,0,False,,0.053424689918756485,0.6257796883583069,0.06779608684645952,7859
dwbg_0_7859_12_000170,0,False,,0.04783935099840164,0.4608534276485443,0.4263434932967542,7859
dwbg_0_7859_13_000171,0,False,,0.02090909332036972,0.8084404468536377,0.6231527969185375,7859
dwbg_0_7859_14_000172,0,False,,0.005181472282856703,0.8303192257881165,0.6148690270274363,7859
dwbg_0_7859_15_000173,0,False,,0.0013000532053411007,0.0,0.3374006631120624,7859
dwbg_0_7859_16_000174,0,False,,0.04308869689702988,0.5748003125190735,0.6358856508906008,7859
dwbg_0_7859_17_000175,0,False,,0.2175612449645996,0.0,0.2950000595183292,7859
dwbg_0_7859_18_000176,0,False,,0.021360961720347404,0.46135568618774414,0.4308357664491711,7859
dwbg_0_7859_19_000177,0,False,,0.0023931171745061874,0.7754598259925842,0.5772709836680207,7859
dwbg_0_7859_2_000178,0,False,,0.005841173697263002,0.5547181963920593,0.36536348483405007,7859
dwbg_0_7859_20_000179,0,False,,0.073618084192276,0.8351340889930725,0.6463742282089449,7859
dwbg_0_7859_21_000180,0,False,,0.19988398253917694,0.706309974193573,0.592872180342211,7859
dwbg_0_7859_22_000181,0,False,,0.07123897224664688,0.664821982383728,0.67410377921612,7859
dwbg_0_7859_23_000182,0,False,,0.023740455508232117,0.6611770987510681,0.28323672681341444,7859
dwbg_0_7859_24_000183,0,False,,0.002046560402959585,0.0,0.01663413897496662,7859
dwbg_0_7859_25_000184,0,False,,0.0015105558559298515,0.652989387512207,0.5586218794301472,7859
dwbg_0_7859_26_000185,0,False,,0.014195448718965054,0.7043785452842712,0.5413810370521432,7859
dwbg_0_7859_28_000186,0,False,,0.27980196475982666,0.5760238766670227,0.4596512607814804,7859
dwbg_0_7859_29_000187,0,False,,0.11003109812736511,0.6899563074111938,0.6304375000689916,7859
dwbg_0_7859_30_000188,0,False,,0.0020792344585061073,0.7399081587791443,0.3371696717043463,7859
dwbg_0_7859_32_000189,0,False,,0.0018676299368962646,0.6128474473953247,0.370128072286472,7859
dwbg_0_7859_33_000190,0,False,,0.006831805687397718,0.5242445468902588,0.5109394139550841,7859
dwbg_0_7859_34_000191,0,False,,0.03775369003415108,0.7688340544700623,0.49002169451334743,7859
dwbg_0_7859_35_000192,0,False,,0.03668563812971115,0.755121111869812,0.4114331916775422,7859
dwbg_0_7859_36_000193,0,False,,0.07575498521327972,0.7742723822593689,0.5412405722185495,7859
dwbg_0_7859_37_000194,0,False,,0.20119546353816986,0.6386584639549255,0.41126278387519116,7859
dwbg_0_7859_38_000195,0,False,,0.15571726858615875,0.7788664102554321,0.4924051177040332,7859
dwbg_0_7859_4_000196,0,False,,0.014556501992046833,0.6121822595596313,0.2427416294068746,7859
dwbg_0_7859_40_000197,0,False,,0.09129010140895844,0.7584754824638367,0.44308393126830764,7859
dwbg_0_7859_41_000198,0,False,,0.3011131286621094,0.6729573011398315,0.5160969438570759,7859
dwbg_0_7859_42_000199,0,False,,0.1321408897638321,0.8233951330184937,0.29741435357462265,7859
dwbg_0_7859_43_000200,0,False,,0.002214290201663971,0.6237958073616028,0.5794873912334975,7859
dwbg_0_7859_44_000201,0,False,,0.005690647754818201,0.48977455496788025,0.08379987660529625,7859
dwbg_0_7859_45_000202,0,False,,0.2586798667907715,0.6634513139724731,0.5709211764733577,7859
dwbg_0_7859_46_000203,0,False,,0.034312788397073746,0.6811133623123169,0.23982076268820907,7859
dwbg_0_7859_47_000204,0,False,,0.0,0.0,0.33376086352146367,7859
dwbg_0_7859_48_000205,0,False,,0.18691669404506683,0.740723729133606,0.293170354477103,7859
dwbg_0_7859_49_000206,0,False,,0.0034835701808333397,0.6162174344062805,0.47085716107631,7859
dwbg_0_7859_5_000207,0,False,,0.005498907063156366,0.5292080044746399,0.313532477038898,7859
dwbg_0_7859_50_000208,0,False,,0.008386085741221905,0.5899758338928223,0.46906922628970354,7859
dwbg_0_7859_52_000209,0,False,,0.002417605370283127,0.39692580699920654,0.39333609134357267,7859
dwbg_0_7859_53_000210,0,False,,0.06667038053274155,0.4922860264778137,0.37236982286634007,7859
dwbg_0_7859_54_000211,0,False,,0.20263560116291046,0.5265079140663147,0.4233568743421022,7859
dwbg_0_7859_55_000212,0,False,,0.10481414198875427,0.600937008857727,0.3788521514200719,7859
dwbg_0_7859_56_000213,0,False,,0.13683192431926727,0.7497500777244568,0.4565866526067381,7859
dwbg_0_7859_58_000214,0,False,,0.19260860979557037,0.6922151446342468,0.43817696930299693,7859
dwbg_0_7859_59_000215,0,False,,0.4435471296310425,0.8413050770759583,0.5804331220369416,7859
dwbg_0_7859_60_000216,0,False,,0.00446142815053463,0.6178596615791321,0.3844866697516722,7859
dwbg_0_7859_61_000217,0,False,,0.11017423123121262,0.0,0.19744469628030908,7859
dwbg_0_7859_62_000218,0,False,,0.0882992297410965,0.5602580904960632,0.3537139528071007,7859
dwbg_0_7859_63_000219,0,False,,0.006184614263474941,0.6521113514900208,0.4428956934809852,7859
dwbg_0_7859_65_000220,0,False,,0.015745043754577637,0.7144625186920166,0.41994118083308685,7859
dwbg_0_7859_66_000221,0,False,,0.03380381688475609,0.8278582096099854,0.6299631394537422,7859
dwbg_0_7859_67_000222,0,False,,0.06090131774544716,0.5258268117904663,0.6136444516267935,7859
dwbg_0_7859_68_000223,0,False,,0.0,0.0,0.13180815805908447,7859
dwbg_0_7859_69_000224,0,False,,0.001724373665638268,0.8705500960350037,0.32358956262342015,7859
dwbg_0_7859_7_000225,0,False,,0.006356112193316221,0.7150457501411438,0.3817352910617549,7859
dwbg_0_7859_70_000226,0,False,,0.0,0.0,0.18220240136110966,7859
dwbg_0_7859_71_000227,0,False,,0.1963307410478592,0.5551002621650696,0.37258058442490394,7859
dwbg_0_7859_72_000228,0,False,,0.38507890701293945,0.6033098697662354,0.6954162053051327,7859
dwbg_0_7859_73_000229,0,False,,0.028499122709035873,0.5092951655387878,0.5962596456586728,7859
dwbg_0_7859_74_000230,0,False,,0.024749476462602615,0.5797356367111206,0.5167204522098254,7859
dwbg_0_7859_75_000231,0,False,,0.00306964130140841,0.7603282928466797,0.5504507966666944,7859
dwbg_0_7859_8_000232,0,False,,0.5172660946846008,0.7241341471672058,0.5449652309001436,7859
dwbg_1_7859_1_000233,1,False,,0.600080132484436,0.8750644326210022,0.7903161999797028,7859
dwbg_1_7859_10_000234,1,False,,0.38118064403533936,0.6751025319099426,0.7558558500112281,7859
dwbg_1_7859_12_000235,1,False,,0.39987480640411377,0.5830968618392944,0.7258363470108627,7859
dwbg_1_7859_14_000236,1,False,,0.6423739790916443,0.6043472290039062,0.6269444821256664,7859
dwbg_1_7859_16_000237,1,False,,0.14250408113002777,0.5681735277175903,0.7243608613621862,7859
dwbg_1_7859_19_000238,1,False,,0.2531043291091919,0.47077447175979614,0.26789801749108727,7859
dwbg_1_7859_20_000239,1,False,,0.6190645098686218,0.6722589135169983,0.7688873780252249,7859
dwbg_1_7859_21_000240,1,False,,0.5765389204025269,0.59110426902771,0.6488452838240639,7859
dwbg_1_7859_23_000241,1,False,,0.6102538704872131,0.5208006501197815,0.7113170863119608,7859
dwbg_1_7859_24_000242,1,False,,0.3816918432712555,0.22121623158454895,0.6605202866402824,7859
dwbg_1_7859_25_000243,1,False,,0.08917372673749924,0.42890751361846924,0.723493158301236,7859
dwbg_1_7859_26_000244,1,False,,0.2892008125782013,0.7532353401184082,0.6020147995681017,7859
dwbg_1_7859_27_000245,1,False,,0.456030011177063,0.44675731658935547,0.6638303663216996,7859
dwbg_1_7859_28_000246,1,False,,0.6275333762168884,0.7857105731964111,0.6802166939633467,7859
dwbg_1_7859_29_000247,1,False,,0.6747480630874634,0.8081320524215698,0.8034463385737509,7859
dwbg_1_7859_34_000248,1,False,,0.5972729921340942,0.6400067806243896,0.8113780920687237,7859
dwbg_1_7859_35_000249,1,False,,0.5387133359909058,0.5981079936027527,0.7352410673888401,7859
dwbg_1_7859_4_000250,1,False,,0.30196061730384827,0.21564461290836334,0.39999522200856363,7859
dwbg_1_7859_5_000251,1,False,,0.5574799180030823,0.8139896392822266,0.6713502731694987,7859
dwbg_1_7859_6_000252,1,False,,0.01198769174516201,0.4412447214126587,0.5452961201110001,7859
dwbg_1_7859_8_000253,1,False,,0.5878978371620178,0.7131031155586243,0.777829957648846,7859
dwbg_0_12011_0_000254,0,False,,0.18260610103607178,0.632989764213562,0.4015399232313445,12011
dwbg_0_12011_10_000255,0,False,,0.0,0.0,0.483520685246787,12011
dwbg_0_12011_11_000256,0,False,,0.05200257524847984,0.7375240325927734,0.3392548017534277,12011
dwbg_0_12011_12_000257,0,False,,0.0,0.0,0.32326157610230977,12011
dwbg_0_12011_13_000258,0,False,,0.0022763211745768785,0.7047595977783203,0.6422795160833278,12011
dwbg_0_12011_14_000259,0,False,,0.001562737743370235,0.5699865818023682,0.3589061359402365,12011
dwbg_0_12011_15_000260,0,False,,0.008213847875595093,0.5320044755935669,0.3631004844969601,12011
dwbg_0_12011_16_000261,0,False,,0.0,0.0,0.523883483919297,12011
dwbg_0_12011_17_000262,0,False,,0.48665621876716614,0.8059895634651184,0.507275691908273,12011
dwbg_0_12011_18_000263,0,False,,0.03195090591907501,0.5299975872039795,0.38415837230517663,12011
dwbg_0_12011_2_000264,0,False,,0.06475313007831573,0.5420563220977783,0.53386796479915,12011
dwbg_0_12011_22_000265,0,False,,0.5116297602653503,0.7371106743812561,0.5429288399778208,12011
dwbg_0_12011_23_000266,0,False,,0.13724131882190704,0.5790520310401917,0.4914498480889602,12011
dwbg_0_12011_24_000267,0,False,,0.004133916925638914,0.0,0.08784602577481784,12011
dwbg_0_12011_25_000268,0,False,,0.4911000728607178,0.795473575592041,0.6644344949684313,12011
dwbg_0_12011_27_000269,0,False,,0.0,0.0,0.33528694921583735,12011
dwbg_0_12011_28_000270,0,False,,0.030950676649808884,0.6470025777816772,0.5445456242973192,12011
dwbg_0_12011_29_000271,0,False,,0.0010201401310041547,0.6034573316574097,0.4632677949332759,12011
dwbg_0_12011_3_000272,0,False,,0.0,0.0,0.5277454180348343,12011
dwbg_0_12011_31_000273,0,False,,0.18686488270759583,0.5917141437530518,0.6479136878727458,12011
dwbg_0_12011_32_000274,0,False,,0.02603200636804104,0.0,0.17534886818433448,12011
dwbg_0_12011_33_000275,0,False,,0.02383171208202839,0.5613530874252319,0.34924460143020064,12011
dwbg_0_12011_35_000276,0,False,,0.04814465716481209,0.6816548109054565,0.6497498863699699,12011
dwbg_0_12011_37_000277,0,False,,0.00912825483828783,0.701770544052124,0.41348975253733894,12011
dwbg_0_12011_4_000278,0,False,,0.00592863280326128,0.46109506487846375,0.32932696123077265,12011
dwbg_0_12011_41_000279,0,False,,0.09000778198242188,0.41186749935150146,0.34149851054090447,12011
dwbg_0_12011_42_000280,0,False,,0.012919316999614239,0.5080773830413818,0.4692619397879845,12011
dwbg_0_12011_43_000281,0,False,,0.0020107163581997156,0.7126153111457825,0.5811519941706462,12011
dwbg_0_12011_44_000282,0,False,,0.0016429751412943006,0.565596342086792,0.15426662518312148,12011
dwbg_0_12011_45_000283,0,False,,0.0051555028185248375,0.5802061557769775,0.3501819570563215,12011
dwbg_0_12011_46_000284,0,False,,0.18173165619373322,0.4959421157836914,0.17112149861298084,12011
dwbg_0_12011_47_000285,0,False,,0.004827057011425495,0.0,0.41971732250858895,12011
dwbg_0_12011_49_000286,0,False,,0.09431375563144684,0.5959504842758179,0.5109736372005905,12011
dwbg_0_12011_50_000287,0,False,,0.36307308077812195,0.7285684943199158,0.6146938092622701,12011
dwbg_0_12011_51_000288,0,False,,0.27407369017601013,0.67154860496521,0.665628133900224,12011
dwbg_0_12011_53_000289,0,False,,0.010283563286066055,0.5519928336143494,0.21551760676713916,12011
dwbg_0_12011_54_000290,0,False,,0.009434917010366917,0.5982409715652466,0.16259279816993552,12011
dwbg_0_12011_55_000291,0,False,,0.0076301987282931805,0.49132856726646423,0.44848300293361626,12011
dwbg_0_12011_56_000292,0,False,,0.001710958662442863,0.0,0.5367773378125367,12011
dwbg_0_12011_58_000293,0,False,,0.01296773087233305,0.5521987080574036,0.5283104532088738,12011
dwbg_0_12011_6_000294,0,False,,0.012667126022279263,0.8163676261901855,0.4663280463024554,12011
dwbg_0_12011_61_000295,0,False,,0.33748945593833923,0.5586555004119873,0.5020285440405937,12011
dwbg_0_12011_62_000296,0,False,,0.007791969925165176,0.7329691052436829,0.6228565222156495,12011
dwbg_0_12011_63_000297,0,False,,0.029332034289836884,0.5299097299575806,0.32975295830486195,12011
dwbg_0_12011_64_000298,0,False,,0.21023067831993103,0.7337466478347778,0.7239154990288553,12011
dwbg_0_12011_65_000299,0,False,,0.0010967290727421641,0.7493822574615479,0.455066683022377,12011
dwbg_0_12011_66_000300,0,False,,0.34784674644470215,0.5366892218589783,0.43331535147946404,12011
dwbg_0_12011_67_000301,0,False,,0.03205106407403946,0.692430853843689,0.6535865988622547,12011
dwbg_0_12011_68_000302,0,False,,0.005394942592829466,0.6831799149513245,0.33457907584730884,12011
dwbg_0_12011_69_000303,0,False,,0.08934315294027328,0.628157913684845,0.38098413057918834,12011
dwbg_0_12011_7_000304,0,False,,0.3775218427181244,0.5592373609542847,0.42469409821920556,12011
dwbg_0_12011_70_000305,0,False,,0.0016668291063979268,0.7769201397895813,0.606508800349872,12011
dwbg_0_12011_71_000306,0,False,,0.0036373776383697987,0.35598719120025635,0.34182375052343217,12011
dwbg_0_12011_72_000307,0,False,,0.008507850579917431,0.5499523878097534,0.31599393680355253,12011
dwbg_0_12011_73_000308,0,False,,0.005195883568376303,0.52692049741745,0.35761595725298045,12011
dwbg_0_12011_74_000309,0,False,,0.006675242446362972,0.7216910123825073,0.34172841548148314,12011
dwbg_0_12011_75_000310,0,False,,0.015556085854768753,0.7706433534622192,0.4838666531447322,12011
dwbg_0_12011_8_000311,0,False,,0.3029468059539795,0.6698048114776611,0.5372554460549425,12011
dwbg_0_12011_9_000312,0,False,,0.29211458563804626,0.37263286113739014,0.3782917271636213,12011
dwbg_1_12011_1_000313,1,False,,0.5835310816764832,0.6928324103355408,0.5450241981800622,12011
dwbg_1_12011_10_000314,1,False,,0.22829744219779968,0.4247864782810211,0.6755854134039919,12011
dwbg_1_12011_11_000315,1,False,,0.3327701687812805,0.6149757504463196,0.7460391255434646,12011
dwbg_1_12011_12_000316,1,False,,0.47810038924217224,0.5924085974693298,0.7395127056182795,12011
dwbg_1_12011_13_000317,1,False,,0.19618074595928192,0.33668947219848633,0.5265761282484938,12011
dwbg_1_12011_14_000318,1,False,,0.6451246738433838,0.6263543367385864,0.678963902147015,12011
dwbg_1_12011_15_000319,1,False,,0.3562648892402649,0.42600077390670776,0.6694434885632146,12011
dwbg_1_12011_16_000320,1,False,,0.2565736770629883,0.5228907465934753,0.6687582573439688,12011
dwbg_1_12011_18_000321,1,False,,0.023968473076820374,0.3609815537929535,0.39819016059239554,12011
dwbg_1_12011_19_000322,1,False,,0.08185291290283203,0.7534679770469666,0.7303531621833578,12011
dwbg_1_12011_2_000323,1,False,,0.7238256335258484,0.7316368818283081,0.7308947432749411,12011
dwbg_1_12011_21_000324,1,False,,0.15406949818134308,0.5322584509849548,0.4445513348013654,12011
dwbg_1_12011_22_000325,1,False,,0.617038369178772,0.6857467889785767,0.7616048514742774,12011
dwbg_1_12011_23_000326,1,False,,0.38794854283332825,0.32183143496513367,0.6394028719755693,12011
dwbg_1_12011_24_000327,1,False,,0.529099702835083,0.7391886115074158,0.7284480139165638,12011
dwbg_1_12011_26_000328,1,False,,0.009953010827302933,0.7414699792861938,0.6420207917132456,12011
dwbg_1_12011_28_000329,1,False,,0.22232502698898315,0.5823363065719604,0.6673539244305756,12011
dwbg_1_12011_29_000330,1,False,,0.1949743777513504,0.5215332508087158,0.43182956787423976,12011
dwbg_1_12011_30_000331,1,False,,0.08393096178770065,0.4889630973339081,0.7126015868032852,12011
dwbg_1_12011_31_000332,1,False,,0.7155281901359558,0.6829638481140137,0.6797096570267764,12011
dwbg_1_12011_32_000333,1,False,,0.5931228399276733,0.839564859867096,0.7116018338771539,12011
dwbg_1_12011_33_000334,1,False,,0.0036097257398068905,0.46227726340293884,0.20594021119420564,12011
dwbg_1_12011_34_000335,1,False,,0.5596609711647034,0.42562422156333923,0.5825563011609738,12011
dwbg_1_12011_35_000336,1,False,,0.579771101474762,0.5322879552841187,0.7129830090796239,12011
dwbg_0_15683_0_000337,0,False,,0.11498431116342545,0.6138126254081726,0.4915461672578248,15683
dwbg_0_15683_10_000338,0,False,,0.00718185119330883,0.7437005639076233,0.3858963839047456,15683
dwbg_0_15683_12_000339,0,False,,0.21483664214611053,0.7259305715560913,0.4524674478552002,15683
dwbg_0_15683_13_000340,0,False,,0.013442867435514927,0.6336290240287781,0.5005271323619189,15683
dwbg_0_15683_14_000341,0,False,,0.0021108565852046013,0.0,0.05045093789212875,15683
dwbg_0_15683_16_000342,0,False,,0.015806740149855614,0.6966952681541443,0.6590778568905998,15683
dwbg_0_15683_17_000343,0,False,,0.2312629073858261,0.0,0.2957627639502877,15683
dwbg_0_15683_18_000344,0,False,,0.0023863031528890133,0.0,0.270969928690878,15683
dwbg_0_15683_19_000345,0,False,,0.0039348481222987175,0.6267591118812561,0.5284143781609161,15683
dwbg_0_15683_20_000346,0,False,,0.0010159428929910064,0.6536367535591125,0.5248059293710776,15683
dwbg_0_15683_22_000347,0,False,,0.10997609794139862,0.6274576783180237,0.46462951543363407,15683
dwbg_0_15683_23_000348,0,False,,0.010265191085636616,0.666569173336029,0.6283705664708913,15683
dwbg_0_15683_24_000349,0,False,,0.04762773960828781,0.0,0.04751383899010482,15683
dwbg_0_15683_26_000350,0,False,,0.23034533858299255,0.5848011374473572,0.5540153138728958,15683
dwbg_0_15683_27_000351,0,False,,0.006788967177271843,0.8240697979927063,0.5703555625638808,15683
dwbg_0_15683_28_000352,0,False,,0.010010035708546638,0.6752975583076477,0.6406399565661702,15683
dwbg_0_15683_29_000353,0,False,,0.01489744521677494,0.5237953066825867,0.5286765692650388,15683
dwbg_0_15683_30_000354,0,False,,0.07631179690361023,0.7462156414985657,0.30356510796924646,15683
dwbg_0_15683_31_000355,0,False,,0.004533587023615837,0.48509201407432556,0.43142119530463147,15683
dwbg_0_15683_32_000356,0,False,,0.015653396025300026,0.5813700556755066,0.49570965660042826,15683
dwbg_0_15683_33_000357,0,False,,0.03290216624736786,0.6803715229034424,0.33970834186513604,15683
dwbg_0_15683_34_000358,0,False,,0.0,0.0,0.20900391997265336,15683
dwbg_0_15683_35_000359,0,False,,0.026947226375341415,0.7759098410606384,0.5078728902346727,15683
dwbg_0_15683_37_000360,0,False,,0.21990492939949036,0.7374545931816101,0.2786274674909693,15683
dwbg_0_15683_39_000361,0,False,,0.05073777958750725,0.770107626914978,0.6420150504433907,15683
dwbg_0_15683_42_000362,0,False,,0.15639451146125793,0.7532637119293213,0.7228778963136404,15683
dwbg_0_15683_43_000363,0,False,,0.1498570591211319,0.5691059827804565,0.5733807874543841,15683
dwbg_0_15683_44_000364,0,False,,0.015778472647070885,0.7854633331298828,0.7812160229205956,15683
dwbg_0_15683_45_000365,0,False,,0.012517966330051422,0.6404837965965271,0.5027239490017487,15683
dwbg_0_15683_46_000366,0,False,,0.0013782181777060032,0.733261227607727,0.4370299726511786,15683
dwbg_0_15683_47_000367,0,False,,0.0021251672878861427,0.7167810797691345,0.648519487327592,15683
dwbg_0_15683_49_000368,0,False,,0.0035744966007769108,0.6295011043548584,0.65559679198976,15683
dwbg_0_15683_5_000369,0,False,,0.0,0.0,0.19318806408457057,15683
dwbg_0_15683_50_000370,0,False,,0.5984066724777222,0.0,0.21526389564976223,15683
dwbg_0_15683_52_000371,0,False,,0.010127696208655834,0.7142035365104675,0.43976332729327444,15683
dwbg_0_15683_53_000372,0,False,,0.005595918279141188,0.678998589515686,0.3368483604570232,15683
dwbg_0_15683_54_000373,0,False,,0.008419391699135303,0.7311633825302124,0.577633071609359,15683
dwbg_0_15683_55_000374,0,False,,0.00638156570494175,0.7351698875427246,0.43271196267605055,15683
dwbg_0_15683_56_000375,0,False,,0.006159885786473751,0.5414845943450928,0.7270267174520854,15683
dwbg_0_15683_6_000376,0,False,,0.37178581953048706,0.5117309093475342,0.5913086297162773,15683
dwbg_0_15683_61_000377,0,False,,0.0015851741190999746,0.46474575996398926,0.2657908706328261,15683
dwbg_0_15683_62_000378,0,False,,0.0013920074561610818,0.0,0.1806189537054175,15683
dwbg_0_15683_63_000379,0,False,,0.0022719164844602346,0.0,0.1175290139881536,15683
dwbg_0_15683_64_000380,0,False,,0.030485760420560837,0.0,0.2608689877398095,15683
dwbg_0_15683_65_000381,0,False,,0.001845754450187087,0.7049863338470459,0.5262422054052724,15683
dwbg_0_15683_66_000382,0,False,,0.0035701768938452005,0.6671546101570129,0.6094494948094784,15683
dwbg_0_15683_67_000383,0,False,,0.0013432312989607453,0.800857663154602,0.675167992249292,15683
dwbg_0_15683_68_000384,0,False,,0.0,0.0,0.1269585407962383,15683
dwbg_0_15683_69_000385,0,False,,0.001454631332308054,0.7042186856269836,0.3604513294784136,15683
dwbg_0_15683_7_000386,0,False,,0.13613620400428772,0.7101602554321289,0.5397073690284947,15683
dwbg_0_15683_70_000387,0,False,,0.1402137577533722,0.6309944987297058,0.4509264263340762,15683
dwbg_0_15683_71_000388,0,False,,0.12850116193294525,0.7591418027877808,0.2750757609089022,15683
dwbg_0_15683_74_000389,0,False,,0.007947138510644436,0.0,0.2575899863865314,15683
dwbg_0_15683_75_000390,0,False,,0.004980792757123709,0.6584873795509338,0.41709025474746536,15683
dwbg_0_15683_9_000391,0,False,,0.03257225081324577,0.6307240128517151,0.33474666272447173,15683
dwbg_1_15683_11_000392,1,False,,0.08247406780719757,0.5751878023147583,0.7052901553071211,15683
dwbg_1_15683_12_000393,1,False,,0.55311119556427,0.7862029671669006,0.7170574837885382,15683
dwbg_1_15683_13_000394,1,False,,0.6888027787208557,0.6133679747581482,0.7712122946429163,15683
dwbg_1_15683_14_000395,1,False,,0.3132057785987854,0.4700333774089813,0.6290056104045939,15683
dwbg_1_15683_15_000396,1,False,,0.019145524129271507,0.7170122265815735,0.7862701858733109,15683
dwbg_1_15683_16_000397,1,False,,0.006152720656245947,0.5816680788993835,0.7406148678982353,15683
dwbg_1_15683_17_000398,1,False,,0.005871580448001623,0.3056580126285553,0.6290125389080352,15683
dwbg_1_15683_18_000399,1,False,,0.6479039192199707,0.3860204815864563,0.7069609021998002,15683
dwbg_1_15683_2_000400,1,False,,0.22709693014621735,0.5047542452812195,0.6864970227098675,15683
dwbg_1_15683_20_000401,1,False,,0.007198615465313196,0.5817059278488159,0.7777888942557862,15683
dwbg_1_15683_21_000402,1,False,,0.21993708610534668,0.4590253233909607,0.5863095225718149,15683
dwbg_1_15683_22_000403,1,False,,0.6525014042854309,0.66102135181427,0.6758222992474476,15683
dwbg_1_15683_24_000404,1,False,,0.0591575987637043,0.0,0.004843561519348286,15683
dwbg_1_15683_25_000405,1,False,,0.519408106803894,0.5987226963043213,0.6478587474105131,15683
dwbg_1_15683_26_000406,1,False,,0.2758939266204834,0.5244081020355225,0.691543045002568,15683
dwbg_1_15683_27_000407,1,False,,0.5552350878715515,0.6614747643470764,0.7280839077297873,15683
dwbg_1_15683_32_000408,1,False,,0.01429978758096695,0.6090536713600159,0.6702901420365536,15683
dwbg_1_15683_33_000409,1,False,,0.705716073513031,0.6781864762306213,0.7775774191955547,15683
dwbg_1_15683_34_000410,1,False,,0.6562790870666504,0.7709361910820007,0.8017678709630497,15683
dwbg_1_15683_35_000411,1,False,,0.42077764868736267,0.5111080408096313,0.7334517003752925,15683
dwbg_1_15683_4_000412,1,False,,0.5489280819892883,0.75764000415802,0.7905795552045742,15683
dwbg_1_15683_5_000413,1,False,,0.2703031599521637,0.6514785289764404,0.7668762394792936,15683
dwbg_1_15683_6_000414,1,False,,0.010505465790629387,0.4906539022922516,0.5563077354011432,15683
dwbg_1_15683_9_000415,1,False,,0.0051441434770822525,0.0,0.4530342322217756,15683
dwbg_0_19997_0_000416,0,False,,0.013046632520854473,0.6301745772361755,0.16842114340373682,19997
dwbg_0_19997_10_000417,0,False,,0.02142821066081524,0.5765443444252014,0.5266966436995848,19997
dwbg_0_19997_11_000418,0,False,,0.0029424375388771296,0.7278079390525818,0.5888920565200482,19997
dwbg_0_19997_12_000419,0,False,,0.19437028467655182,0.6771087050437927,0.5882560086268461,19997
dwbg_0_19997_14_000420,0,False,,0.052018772810697556,0.6163524389266968,0.49646534522414176,19997
dwbg_0_19997_15_000421,0,False,,0.032375868409872055,0.5926663875579834,0.41570098159517194,19997
dwbg_0_19997_16_000422,0,False,,0.010300582274794579,0.671329915523529,0.3728390141280196,19997
dwbg_0_19997_17_000423,0,False,,0.42698004841804504,0.6237590909004211,0.4232346716852039,19997
dwbg_0_19997_18_000424,0,False,,0.0548236146569252,0.751959502696991,0.47439796215908725,19997
dwbg_0_19997_2_000425,0,False,,0.45092517137527466,0.7114064693450928,0.6807979908727337,19997
dwbg_0_19997_20_000426,0,False,,0.017931951209902763,0.6557740569114685,0.5776774345133527,19997
dwbg_0_19997_21_000427,0,False,,0.011659233830869198,0.6822311282157898,0.518971730821458,19997
dwbg_0_19997_22_000428,0,False,,0.0018053974490612745,0.7550482153892517,0.45136533649733795,19997
dwbg_0_19997_23_000429,0,False,,0.002151146763935685,0.0,0.09012551745048476,19997
dwbg_0_19997_24_000430,0,False,,0.0015208624536171556,0.8515901565551758,0.5794998976650617,19997
dwbg_0_19997_25_000431,0,False,,0.017174793407320976,0.7174572944641113,0.6664535971902631,19997
dwbg_0_19997_26_000432,0,False,,0.39954322576522827,0.5162936449050903,0.5800373162734831,19997
dwbg_0_19997_27_000433,0,False,,0.01748534105718136,0.7161023020744324,0.5951332942413328,19997
dwbg_0_19997_28_000434,0,False,,0.019590288400650024,0.8551875948905945,0.669830538047916,19997
dwbg_0_19997_29_000435,0,False,,0.0027903642039746046,0.8654278516769409,0.4572786916597259,19997
dwbg_0_19997_3_000436,0,False,,0.0723315104842186,0.0,0.30699653158598544,19997
dwbg_0_19997_31_000437,0,False,,0.00279041426256299,0.7438030242919922,0.4739894592605027,19997
dwbg_0_19997_32_000438,0,False,,0.012194541282951832,0.0,0.14790542395433376,19997
dwbg_0_19997_34_000439,0,False,,0.02747892215847969,0.7333733439445496,0.6345862171027615,19997
dwbg_0_19997_35_000440,0,False,,0.00404566153883934,0.7603356242179871,0.6611606334919877,19997
dwbg_0_19997_36_000441,0,False,,0.08317974209785461,0.46157106757164,0.47189297506193706,19997
dwbg_0_19997_38_000442,0,False,,0.001271771383471787,0.0,0.35074927379998555,19997
dwbg_0_19997_39_000443,0,False,,0.0015476002590730786,0.6975581049919128,0.536438747811385,19997
dwbg_0_19997_4_000444,0,False,,0.00256171403452754,0.7018887996673584,0.4730751487639935,19997
dwbg_0_19997_41_000445,0,False,,0.16256055235862732,0.763918936252594,0.5648753242392275,19997
dwbg_0_19997_42_000446,0,False,,0.0,0.0,0.1751018457093211,19997
dwbg_0_19997_43_000447,0,False,,0.004130961839109659,0.0,0.34284504318872266,19997
dwbg_0_19997_44_000448,0,False,,0.0017754557775333524,0.7157026529312134,0.06545773369660317,19997
dwbg_0_19997_45_000449,0,False,,0.0019924186635762453,0.7598096132278442,0.5863240607575041,19997
dwbg_0_19997_46_000450,0,False,,0.07526672631502151,0.6328778266906738,0.09966351125892087,19997
dwbg_0_19997_47_000451,0,False,,0.10894820094108582,0.48867058753967285,0.31745112620783916,19997
dwbg_0_19997_49_000452,0,False,,0.0034060191828757524,0.6366508603096008,0.686755448644395,19997
dwbg_0_19997_5_000453,0,False,,0.008732661604881287,0.8081897497177124,0.04467184857147564,19997
dwbg_0_19997_50_000454,0,False,,0.34504225850105286,0.5894846320152283,0.5237218097135977,19997
dwbg_0_19997_52_000455,0,False,,0.02325740084052086,0.6756447553634644,0.629152093723245,19997
dwbg_0_19997_53_000456,0,False,,0.2208830863237381,0.638766884803772,0.4355062114299804,19997
dwbg_0_19997_54_000457,0,False,,0.46924927830696106,0.5924296379089355,0.6087902303972224,19997
dwbg_0_19997_56_000458,0,False,,0.0028588888235390186,0.0,0.3491312237734558,19997
dwbg_0_19997_58_000459,0,False,,0.007787253707647324,0.0,0.14651248636981415,19997
dwbg_0_19997_6_000460,0,False,,0.002209870843216777,0.6243994235992432,0.45954513188366203,19997
dwbg_0_19997_60_000461,0,False,,0.03088066354393959,0.6427757143974304,0.545990571012209,19997
dwbg_0_19997_61_000462,0,False,,0.22748392820358276,0.5065536499023438,0.56771043455849,19997
dwbg_0_19997_62_000463,0,False,,0.00805674958974123,0.8108258843421936,0.511099363080769,19997
dwbg_0_19997_63_000464,0,False,,0.0,0.0,0.252485759636106,19997
dwbg_0_19997_64_000465,0,False,,0.006670982111245394,0.6476246118545532,0.4309699080683767,19997
dwbg_0_19997_65_000466,0,False,,0.011537695303559303,0.6345575451850891,0.2657689980847796,19997
dwbg_0_19997_66_000467,0,False,,0.02872178517282009,0.8185853958129883,0.6923336118202493,19997
dwbg_0_19997_67_000468,0,False,,0.0010747602209448814,0.0,0.3489259406193266,19997
dwbg_0_19997_68_000469,0,False,,0.002136793453246355,0.0,0.1693704791590034,19997
dwbg_0_19997_69_000470,0,False,,0.035845741629600525,0.7647475600242615,0.4403696674413639,19997
dwbg_0_19997_7_000471,0,False,,0.004018991254270077,0.6579084396362305,0.46898720897173346,19997
dwbg_0_19997_73_000472,0,False,,0.001710900105535984,0.0,0.4464370975286634,19997
dwbg_0_19997_74_000473,0,False,,0.07680144160985947,0.7004408240318298,0.48501568555927416,19997
dwbg_0_19997_75_000474,0,False,,0.04429356008768082,0.6809667348861694,0.5147577170359587,19997
dwbg_0_19997_8_000475,0,False,,0.005738130770623684,0.7354109883308411,0.5962832689352034,19997
dwbg_0_19997_9_000476,0,False,,0.01092058140784502,0.5527076721191406,0.5367447206545055,19997
dwbg_1_19997_10_000477,1,False,,0.10545588284730911,0.36268365383148193,0.3901805493848504,19997
dwbg_1_19997_11_000478,1,False,,0.13429388403892517,0.7681849598884583,0.717568787969657,19997
dwbg_1_19997_13_000479,1,False,,0.005789309740066528,0.35703161358833313,0.5840308038945795,19997
dwbg_1_19997_14_000480,1,False,,0.12188602983951569,0.5780594944953918,0.42057435383378927,19997
dwbg_1_19997_15_000481,1,False,,0.5014289617538452,0.6667030453681946,0.7805606846158395,19997
dwbg_1_19997_16_000482,1,False,,0.5468080639839172,0.5825347304344177,0.524887667952044,19997
dwbg_1_19997_19_000483,1,False,,0.394762247800827,0.4620361924171448,0.6602258021055022,19997
dwbg_1_19997_20_000484,1,False,,0.6750121116638184,0.6427567005157471,0.45565534665786667,19997
dwbg_1_19997_21_000485,1,False,,0.6823819279670715,0.5745474696159363,0.7535153787679761,19997
dwbg_1_19997_22_000486,1,False,,0.4997731149196625,0.7029489278793335,0.6734432989310414,19997
dwbg_1_19997_23_000487,1,False,,0.015146838501095772,0.4428194463253021,0.7958289319483866,19997
dwbg_1_19997_24_000488,1,False,,0.47800177335739136,0.34521740674972534,0.6755593544805368,19997
dwbg_1_19997_25_000489,1,False,,0.0019223749404773116,0.583940863609314,0.5097692469120619,19997
dwbg_1_19997_26_000490,1,False,,0.02846667729318142,0.0,0.025143452950592268,19997
dwbg_1_19997_27_000491,1,False,,0.1685529500246048,0.46174195408821106,0.5883855813847328,19997
dwbg_1_19997_29_000492,1,False,,0.20547832548618317,0.5343505144119263,0.6015246765803424,19997
dwbg_1_19997_30_000493,1,False,,0.14413972198963165,0.539800226688385,0.7207181629226203,19997
dwbg_1_19997_31_000494,1,False,,0.5896421074867249,0.5900131464004517,0.6439051679614088,19997
dwbg_1_19997_32_000495,1,False,,0.30096232891082764,0.5963667035102844,0.7223967489401232,19997
dwbg_1_19997_33_000496,1,False,,0.5022299289703369,0.72721928358078,0.67365307828984,19997
dwbg_1_19997_34_000497,1,False,,0.5875678658485413,0.4467651844024658,0.522029440078771,19997
dwbg_1_19997_35_000498,1,False,,0.5356290936470032,0.864477276802063,0.6319390442853942,19997
dwbg_1_19997_5_000499,1,False,,0.1293584108352661,0.6864931583404541,0.6590771162950445,19997
dwbg_1_19997_7_000500,1,False,,0.47073373198509216,0.776732325553894,0.7707924108246396,19997
dwbg_1_19997_8_000501,1,False,,0.041643135249614716,0.28218790888786316,0.651150832982088,19997
dwbg_1_19997_9_000502,1,False,,0.023511400446295738,0.0,0.35934841021833913,19997
dwbg_0_24571_0_000503,0,False,,0.06715234369039536,0.5164154171943665,0.45272127016037755,24571
dwbg_0_24571_10_000504,0,False,,0.03689522296190262,0.4090147316455841,0.42707782476593004,24571
dwbg_0_24571_11_000505,0,False,,0.022384457290172577,0.6324133276939392,0.5301127762172683,24571
dwbg_0_24571_12_000506,0,False,,0.00826549343764782,0.0,0.5066964540943751,24571
dwbg_0_24571_13_000507,0,False,,0.08130920678377151,0.6811368465423584,0.4045957228068957,24571
dwbg_0_24571_15_000508,0,False,,0.0,0.0,0.30264009027120453,24571
dwbg_0_24571_16_000509,0,False,,0.015864528715610504,0.7767756581306458,0.5416943802228859,24571
dwbg_0_24571_19_000510,0,False,,0.007409838959574699,0.611527144908905,0.3809988473239657,24571
dwbg_0_24571_2_000511,0,False,,0.06917252391576767,0.0,0.305580153626047,24571
dwbg_0_24571_20_000512,0,False,,0.21649840474128723,0.5478901863098145,0.47494614205491587,24571
dwbg_0_24571_21_000513,0,False,,0.0026139388792216778,0.6789847612380981,0.41516408843353075,24571
dwbg_0_24571_22_000514,0,False,,0.3157954216003418,0.6509810090065002,0.6224993811048489,24571
dwbg_0_24571_24_000515,0,False,,0.40855005383491516,0.0,0.1252618170901778,24571
dwbg_0_24571_25_000516,0,False,,0.006618922110646963,0.5878282785415649,0.23030462869939838,24571
dwbg_0_24571_26_000517,0,False,,0.2650705873966217,0.5008417367935181,0.5217138511728848,24571
dwbg_0_24571_28_000518,0,False,,0.181199312210083,0.6457121968269348,0.2856804728950802,24571
dwbg_0_24571_29_000519,0,False,,0.0036841353867202997,0.40994495153427124,0.39709574313468254,24571
dwbg_0_24571_3_000520,0,False,,0.013856349512934685,0.7534737586975098,0.7845899969820378,24571
dwbg_0_24571_30_000521,0,False,,0.015141000039875507,0.6624179482460022,0.5755650948096951,24571
dwbg_0_24571_32_000522,0,False,,0.006710709072649479,0.0,0.19746299638952533,24571
dwbg_0_24571_33_000523,0,False,,0.00677629467099905,0.6467297077178955,0.44679060902985224,24571
dwbg_0_24571_34_000524,0,False,,0.005342815071344376,0.46000632643699646,0.14445297824046582,24571
dwbg_0_24571_35_000525,0,False,,0.0026055858470499516,0.5798439979553223,0.5153895101461343,24571
dwbg_0_24571_36_000526,0,False,,0.005251004360616207,0.35545244812965393,0.48023562379556933,24571
dwbg_0_24571_37_000527,0,False,,0.006189299281686544,0.6245995759963989,0.33462073698946265,24571
dwbg_0_24571_4_000528,0,False,,0.18520158529281616,0.7172492146492004,0.6076761639973053,24571
dwbg_0_24571_40_000529,0,False,,0.047629214823246,0.0,0.3284564579254427,24571
dwbg_0_24571_41_000530,0,False,,0.007573720999062061,0.7019619941711426,0.5987606790226246,24571
dwbg_0_24571_42_000531,0,False,,0.0037139691412448883,0.7379729747772217,0.6307824744793534,24571
dwbg_0_24571_43_000532,0,False,,0.013679462485015392,0.7969926595687866,0.43103793672071566,24571
dwbg_0_24571_45_000533,0,False,,0.11572720855474472,0.846900463104248,0.42475781572335014,24571
dwbg_0_24571_46_000534,0,False,,0.015963099896907806,0.662859320640564,0.47187027139067234,24571
dwbg_0_24571_47_000535,0,False,,0.09838716685771942,0.41664743423461914,0.3656087341546548,24571
dwbg_0_24571_5_000536,0,False,,0.31614819169044495,0.7620198726654053,0.6501300781306123,24571
dwbg_0_24571_51_000537,0,False,,0.0026210632640868425,0.5677542090415955,0.23552834151180713,24571
dwbg_0_24571_52_000538,0,False,,0.43080565333366394,0.7847809195518494,0.5604316345782919,24571
dwbg_0_24571_53_000539,0,False,,0.011104698292911053,0.37053945660591125,0.5336246113877926,24571
dwbg_0_24571_55_000540,0,False,,0.0,0.0,3.074386808802478e-07,24571
dwbg_0_24571_56_000541,0,False,,0.049470432102680206,0.5694937109947205,0.4869920092586835,24571
dwbg_0_24571_57_000542,0,False,,0.044810496270656586,0.5853303074836731,0.2752648284421339,24571
dwbg_0_24571_58_000543,0,False,,0.3955783545970917,0.5939562320709229,0.543290098537617,24571
dwbg_0_24571_60_000544,0,False,,0.10619276016950607,0.5054291486740112,0.5922996842276095,24571
dwbg_0_24571_61_000545,0,False,,0.0040281713008880615,0.5485599637031555,0.38442076903245653,24571
dwbg_0_24571_62_000546,0,False,,0.04075172170996666,0.7250518798828125,0.5953531192605267,24571
dwbg_0_24571_63_000547,0,False,,0.01036346610635519,0.4887090027332306,0.1503566047638895,24571
dwbg_0_24571_64_000548,0,False,,0.007979263551533222,0.5909470915794373,0.6008781999994324,24571
dwbg_0_24571_66_000549,0,False,,0.0,0.0,0.3642696911404123,24571
dwbg_0_24571_67_000550,0,False,,0.08631891757249832,0.647609293460846,0.7447139772997566,24571
dwbg_0_24571_68_000551,0,False,,0.01943187788128853,0.0,0.05595390332705363,24571
dwbg_0_24571_69_000552,0,False,,0.012091884389519691,0.5977821946144104,0.47204617536221694,24571
dwbg_0_24571_7_000553,0,False,,0.0179755762219429,0.6408019065856934,0.5017656086597003,24571
dwbg_0_24571_70_000554,0,False,,0.32071274518966675,0.0,0.23808838981277108,24571
dwbg_0_24571_71_000555,0,False,,0.0011335905874148011,0.5204775929450989,0.4926002191008736,24571
dwbg_0_24571_73_000556,0,False,,0.008869744837284088,0.6759514808654785,0.469973056010699,24571
dwbg_0_24571_74_000557,0,False,,0.01570979878306389,0.687735915184021,0.7011920373325985,24571
dwbg_0_24571_75_000558,0,False,,0.013357428833842278,0.6259354948997498,0.4901606404002598,24571
dwbg_0_24571_8_000559,0,False,,0.617575466632843,0.7307795882225037,0.6553205661877797,24571
dwbg_0_24571_9_000560,0,False,,0.10731595009565353,0.771697998046875,0.278027856773274,24571
dwbg_1_24571_0_000561,1,False,,0.02662341482937336,0.46855202317237854,0.6198946110912127,24571
dwbg_1_24571_11_000562,1,False,,0.2916249632835388,0.5340588092803955,0.575097987733632,24571
dwbg_1_24571_12_000563,1,False,,0.5789780616760254,0.6752899289131165,0.6254193291631435,24571
dwbg_1_24571_13_000564,1,False,,0.27679112553596497,0.414791464805603,0.6585867213565285,24571
dwbg_1_24571_14_000565,1,False,,0.3283161520957947,0.4747132360935211,0.6719023761627279,24571
dwbg_1_24571_15_000566,1,False,,0.6325255632400513,0.6581403613090515,0.8491924645744323,24571
dwbg_1_24571_16_000567,1,False,,0.15040986239910126,0.6041638255119324,0.6779607627210982,24571
dwbg_1_24571_18_000568,1,False,,0.21721084415912628,0.5130665898323059,0.6416044247007023,24571
dwbg_1_24571_19_000569,1,False,,0.28057360649108887,0.7414810657501221,0.7002704879178414,24571
dwbg_1_24571_2_000570,1,False,,0.02456836774945259,0.4753066897392273,0.5875538006893102,24571
dwbg_1_24571_20_000571,1,False,,0.6146897077560425,0.6756815910339355,0.48328474946680045,24571
dwbg_1_24571_22_000572,1,False,,0.13410916924476624,0.6027254462242126,0.6407923767667555,24571
dwbg_1_24571_23_000573,1,False,,0.02398831397294998,0.668918251991272,0.7785148511066823,24571
dwbg_1_24571_24_000574,1,False,,0.6083638668060303,0.7658703923225403,0.6788673467830133,24571
dwbg_1_24571_25_000575,1,False,,0.044019896537065506,0.6139842867851257,0.7521570867894779,24571
dwbg_1_24571_28_000576,1,False,,0.23329907655715942,0.33085957169532776,0.3658914280300732,24571
dwbg_1_24571_3_000577,1,False,,0.63083416223526,0.6064745783805847,0.6613828943643878,24571
dwbg_1_24571_30_000578,1,False,,0.003634548280388117,0.6524959206581116,0.7610846871227609,24571
dwbg_1_24571_31_000579,1,False,,0.4462429881095886,0.726705014705658,0.6979484885082078,24571
dwbg_1_24571_32_000580,1,False,,0.34061264991760254,0.791059672832489,0.7391850741228252,24571
dwbg_1_24571_34_000581,1,False,,0.5077653527259827,0.6940977573394775,0.7656078146138928,24571
dwbg_1_24571_35_000582,1,False,,0.5868558287620544,0.6192873120307922,0.6462573870803989,24571
dwbg_1_24571_5_000583,1,False,,0.036026500165462494,0.47048476338386536,0.6532117406250182,24571
dwbg_1_24571_7_000584,1,False,,0.6077081561088562,0.6873264312744141,0.6932306224486108,24571
dwbg_1_24571_9_000585,1,False,,0.005498656537383795,0.7248460054397583,0.6437674749417505,24571
dwbg_0_30103_0_000586,0,False,,0.0034143312368541956,0.5276155471801758,0.6773881519897551,30103
dwbg_0_30103_10_000587,0,False,,0.004668126348406076,0.4914931058883667,0.22810157968979877,30103
dwbg_0_30103_11_000588,0,False,,0.2573604881763458,0.6535192131996155,0.5188810550813687,30103
dwbg_0_30103_13_000589,0,False,,0.034922193735837936,0.6970714330673218,0.48320520048804877,30103
dwbg_0_30103_14_000590,0,False,,0.007939180359244347,0.5235379338264465,0.6648154637672641,30103
dwbg_0_30103_15_000591,0,False,,0.0,0.0,0.1827230798955837,30103
dwbg_0_30103_16_000592,0,False,,0.016731057316064835,0.6361983418464661,0.6527200113324992,30103
dwbg_0_30103_17_000593,0,False,,0.06611808389425278,0.5309218168258667,0.44829605176339865,30103
dwbg_0_30103_18_000594,0,False,,0.0416906401515007,0.6378768682479858,0.2639106739504488,30103
dwbg_0_30103_19_000595,0,False,,0.0014910742174834013,0.657281756401062,0.4155580815737211,30103
dwbg_0_30103_2_000596,0,False,,0.0,0.0,0.10911093691183886,30103
dwbg_0_30103_20_000597,0,False,,0.012342086061835289,0.7486929893493652,0.3618346296031997,30103
dwbg_0_30103_21_000598,0,False,,0.31684303283691406,0.7494562864303589,0.4551927822696238,30103
dwbg_0_30103_22_000599,0,False,,0.005980392452329397,0.7818746566772461,0.645215824618439,30103
dwbg_0_30103_23_000600,0,False,,0.0,0.0,0.06953529609090352,30103
dwbg_0_30103_24_000601,0,False,,0.006544793955981731,0.0,0.03476756249365983,30103
dwbg_0_30103_26_000602,0,False,,0.010534879751503468,0.6908643245697021,0.6658474782091102,30103
dwbg_0_30103_27_000603,0,False,,0.12123748660087585,0.33243298530578613,0.5950798401666746,30103
dwbg_0_30103_28_000604,0,False,,0.14712129533290863,0.5375393629074097,0.6149931898929817,30103
dwbg_0_30103_3_000605,0,False,,0.010354329831898212,0.8309900760650635,0.5099860274387121,30103
dwbg_0_30103_30_000606,0,False,,0.13038049638271332,0.5869250893592834,0.5267487443225067,30103
dwbg_0_30103_31_000607,0,False,,0.036564841866493225,0.726071298122406,0.7200331332027398,30103
dwbg_0_30103_32_000608,0,False,,0.06378895789384842,0.7631344199180603,0.4936478995802054,30103
dwbg_0_30103_33_000609,0,False,,0.11954750120639801,0.5042639970779419,0.3296556768701721,30103
dwbg_0_30103_34_000610,0,False,,0.0018757900688797235,0.6191449165344238,0.46106433492613375,30103
dwbg_0_30103_35_000611,0,False,,0.08040885627269745,0.7794595956802368,0.6815593157823313,30103
dwbg_0_30103_36_000612,0,False,,0.005437794607132673,0.7250773906707764,0.6198518627245213,30103
dwbg_0_30103_37_000613,0,False,,0.0022403860930353403,0.6573376059532166,0.5057922691760189,30103
dwbg_0_30103_38_000614,0,False,,0.003847727319225669,0.7468965649604797,0.39341589643437924,30103
dwbg_0_30103_4_000615,0,False,,0.4483145773410797,0.7042990326881409,0.41140147639654734,30103
dwbg_0_30103_40_000616,0,False,,0.2353978306055069,0.5432519316673279,0.035657360451513846,30103
dwbg_0_30103_41_000617,0,False,,0.12927097082138062,0.6572233438491821,0.5764445275797264,30103
dwbg_0_30103_42_000618,0,False,,0.11736929416656494,0.7139810919761658,0.0771609358802197,30103
dwbg_0_30103_43_000619,0,False,,0.06928049027919769,0.7049315571784973,0.5776694813546894,30103
dwbg_0_30103_44_000620,0,False,,0.00882202573120594,0.0,0.2824681018867398,30103
dwbg_0_30103_45_000621,0,False,,0.0,0.0,0.30739513174738803,30103
dwbg_0_30103_46_000622,0,False,,0.017306094989180565,0.5467968583106995,0.4647870827449934,30103
dwbg_0_30103_49_000623,0,False,,0.036981645971536636,0.6301141977310181,0.5050317047073489,30103
dwbg_0_30103_5_000624,0,False,,0.007637460250407457,0.6009729504585266,0.42046517811691947,30103
dwbg_0_30103_50_000625,0,False,,0.007453567814081907,0.5718703269958496,0.45035622001897757,30103
dwbg_0_30103_52_000626,0,False,,0.01616256684064865,0.6200690865516663,0.4242967975450537,30103
dwbg_0_30103_53_000627,0,False,,0.33427780866622925,0.8014576435089111,0.6484376776561417,30103
dwbg_0_30103_54_000628,0,False,,0.4367316961288452,0.5103103518486023,0.5723811349846357,30103
dwbg_0_30103_55_000629,0,False,,0.0028759404085576534,0.6217561364173889,0.44450919096688885,30103
dwbg_0_30103_56_000630,0,False,,0.01985931769013405,0.6435114741325378,0.7037175855024697,30103
dwbg_0_30103_57_000631,0,False,,0.002338762627914548,0.7857012748718262,0.5860961498992711,30103
dwbg_0_30103_59_000632,0,False,,0.007249519228935242,0.7513909339904785,0.5603221380858494,30103
dwbg_0_30103_6_000633,0,False,,0.021166251972317696,0.6695057153701782,0.3780445069087197,30103
dwbg_0_30103_60_000634,0,False,,0.21591731905937195,0.6719186902046204,0.5449154414699032,30103
dwbg_0_30103_61_000635,0,False,,0.006012349855154753,0.5446953177452087,0.6015301139223848,30103
dwbg_0_30103_62_000636,0,False,,0.0011359909549355507,0.0,0.3779406481116462,30103
dwbg_0_30103_63_000637,0,False,,0.003995715640485287,0.3864552676677704,0.3844682892364081,30103
dwbg_0_30103_64_000638,0,False,,0.04233427718281746,0.7941316366195679,0.38134125999532953,30103
dwbg_0_30103_65_000639,0,False,,0.002725475002080202,0.686315655708313,0.3264705137727926,30103
dwbg_0_30103_66_000640,0,False,,0.014062662608921528,0.5460894703865051,0.47148080064788606,30103
dwbg_0_30103_67_000641,0,False,,0.6170246601104736,0.7449026107788086,0.7248363543617382,30103
dwbg_0_30103_68_000642,0,False,,0.0,0.0,0.15047013707569915,30103
dwbg_0_30103_69_000643,0,False,,0.14702068269252777,0.0,0.12586630748170147,30103
dwbg_0_30103_70_000644,0,False,,0.0027099084109067917,0.6530344486236572,0.5426936646857442,30103
dwbg_0_30103_71_000645,0,False,,0.006299201864749193,0.0,0.49884742269026555,30103
dwbg_0_30103_72_000646,0,False,,0.037055689841508865,0.7400544881820679,0.6299543633404924,30103
dwbg_0_30103_73_000647,0,False,,0.3419373333454132,0.6702141761779785,0.6406102483156623,30103
dwbg_0_30103_74_000648,0,False,,0.0,0.0,0.22271350711323196,30103
dwbg_0_30103_8_000649,0,False,,0.02368074841797352,0.7026239633560181,0.5483870211548885,30103
dwbg_0_30103_9_000650,0,False,,0.07995332777500153,0.6552141308784485,0.5539889536933095,30103
dwbg_1_30103_0_000651,1,False,,0.5119273662567139,0.4515042304992676,0.7429969710541324,30103
dwbg_1_30103_1_000652,1,False,,0.06190439313650131,0.6888272762298584,0.6609714471953144,30103
dwbg_1_30103_10_000653,1,False,,0.5091486573219299,0.6276804804801941,0.7488119921465304,30103
dwbg_1_30103_12_000654,1,False,,0.045696232467889786,0.7700412273406982,0.5261553242758803,30103
dwbg_1_30103_13_000655,1,False,,0.5677025318145752,0.5449852347373962,0.7343189602858415,30103
dwbg_1_30103_14_000656,1,False,,0.3279861509799957,0.8608600497245789,0.6387506573648765,30103
dwbg_1_30103_15_000657,1,False,,0.13915693759918213,0.5045373439788818,0.5939067419866751,30103
dwbg_1_30103_16_000658,1,False,,0.17973966896533966,0.6467456221580505,0.583492133936786,30103
dwbg_1_30103_19_000659,1,False,,0.4595140516757965,0.5525719523429871,0.6861969619251187,30103
dwbg_1_30103_2_000660,1,False,,0.5929943919181824,0.6850143671035767,0.6251303911142849,30103
dwbg_1_30103_20_000661,1,False,,0.16553948819637299,0.48395755887031555,0.6892169002274894,30103
dwbg_1_30103_22_000662,1,False,,0.5696852803230286,0.701684296131134,0.7454124750980206,30103
dwbg_1_30103_24_000663,1,False,,0.09519258141517639,0.299270898103714,0.6489960700971983,30103
dwbg_1_30103_25_000664,1,False,,0.3612709939479828,0.6183119416236877,0.7394486114893445,30103
dwbg_1_30103_26_000665,1,False,,0.3782670795917511,0.6323444247245789,0.7914853642847005,30103
dwbg_1_30103_27_000666,1,False,,0.6366851925849915,0.3932567536830902,0.7030640573605034,30103
dwbg_1_30103_28_000667,1,False,,0.48228850960731506,0.5588233470916748,0.7162756297735591,30103
dwbg_1_30103_30_000668,1,False,,0.047081150114536285,0.5324158072471619,0.7573215432904461,30103
dwbg_1_30103_31_000669,1,False,,0.1209103912115097,0.5101873278617859,0.739398819712569,30103
dwbg_1_30103_33_000670,1,False,,0.4185160994529724,0.785481333732605,0.04303095919458231,30103
dwbg_1_30103_34_000671,1,False,,0.08823618292808533,0.5430814027786255,0.7613312141706069,30103
dwbg_1_30103_35_000672,1,False,,0.010979369282722473,0.4230838716030121,0.6925905436892341,30103
dwbg_0_42_0_000000_c1001,0,False,,0.012295589782297611,0.39336201548576355,0.399609050422296,42
dwbg_0_7859_17_000001_c1001,0,False,,0.007848614826798439,0.7739270925521851,0.42781484555459437,7859
dwbg_0_7859_18_000002_c1001,0,False,,0.11085300892591476,0.5239831209182739,0.40430581702511276,7859
dwbg_0_19997_29_000003_c1001,0,False,,0.006769279483705759,0.7998762726783752,0.497148498687152,19997
dwbg_0_24571_29_000004_c1001,0,False,,0.2811267375946045,0.33245694637298584,0.33420293786808153,24571
dwbg_0_30103_0_000005_c1001,0,False,,0.04700662940740585,0.5616731643676758,0.5199554860218821,30103
dwbg_0_24571_0_000000_c2002,0,False,,0.00984191708266735,0.6936995387077332,0.5420616346386404,24571
dwbg_0_30103_0_000001_c2002,0,False,,0.1342240571975708,0.3416427969932556,0.3921036419643472,30103
dwbg_0_42_0_000000_c3003,0,False,,0.029608000069856644,0.5217371582984924,0.6333457898198023,42
dwbg_0_12011_11_000001_c3003,0,False,,0.005555572919547558,0.8062979578971863,0.5488331817686415,12011
dwbg_0_15683_10_000002_c3003,0,False,,0.011484209448099136,0.7773134112358093,0.673343009775695,15683
dwbg_0_42_0_000000_c4004,0,False,,0.015094516798853874,0.4568798840045929,0.6096612858389893,42
dwbg_0_12011_11_000001_c4004,0,False,,0.016884412616491318,0.8075667023658752,0.5606505113253758,12011
dwbg_0_24571_0_000002_c4004,0,False,,0.0013164801057428122,0.5151216983795166,0.3794743425371784,24571
dwbg_0_42_0_000000_c5005,0,False,,0.010341525077819824,0.6969552040100098,0.6467111917071348,42
dwbg_0_30103_0_000001_c5005,0,False,,0.002667651977390051,0.5462687611579895,0.432973038697813,30103
dwbg_0_30103_22_000002_c5005,0,False,,0.0028679578099399805,0.6293576955795288,0.5156333480686228,30103
dwbg_0_42_0_000000_c6006,0,False,,0.014507259242236614,0.5043031573295593,0.39551988975452973,42
dwbg_0_42_32_000001_c6006,0,False,,0.0036808201111853123,0.7840425372123718,0.6753780750157609,42
dwbg_0_42_5_000002_c6006,0,False,,0.3577990233898163,0.6344366669654846,0.633794517280698,42
dwbg_0_7859_17_000003_c6006,0,False,,0.0049544344656169415,0.7170009016990662,0.4624932455074851,7859
dwbg_0_19997_12_000004_c6006,0,False,,0.11406759172677994,0.6405857801437378,0.7082378992203859,19997
dwbg_0_12011_0_000000_c7007,0,False,,0.04698542132973671,0.5077521800994873,0.6044373078266431,12011
dwbg_0_12011_10_000001_c7007,0,False,,0.005804265383630991,0.6659005284309387,0.7222564925566616,12011
dwbg_0_12011_11_000002_c7007,0,False,,0.022004807367920876,0.8027390837669373,0.7362790085723454,12011
dwbg_0_30103_52_000003_c7007,0,False,,0.013143370859324932,0.6088646054267883,0.46825494031396736,30103
dwbg_0_7859_10_000000_c8008,0,False,,0.009102129377424717,0.6084789037704468,0.510740569961423,7859
dwbg_0_30103_19_000000_c9009,0,False,,0.006550451274961233,0.7319474220275879,0.6693918675880655,30103
dwbg_0_15683_0_000000_c10010,0,False,,0.003087985794991255,0.5019265413284302,0.6037492108379029,15683
dwbg_0_19997_12_000001_c10010,0,False,,0.003210806753486395,0.755250096321106,0.5743111980789091,19997
dwbg_0_19997_17_000002_c10010,0,False,,0.00909130647778511,0.7026090025901794,0.6433460672792503,19997
dwbg_0_42_0_000000_c11011,0,False,,0.0019059005426242948,0.7113370299339294,0.6187620757445702,42
dwbg_0_3407_0_000001_c11011,0,False,,0.11018097400665283,0.0,0.42410263814782684,3407
dwbg_0_3407_13_000002_c11011,0,False,,0.0018380387919023633,0.38289764523506165,0.03543662249452445,3407
dwbg_0_7859_28_000003_c11011,0,False,,0.006272101309150457,0.6902965307235718,0.4342301671913664,7859
dwbg_0_12011_11_000004_c11011,0,False,,0.0014405332040041685,0.5137683749198914,0.3319946025466621,12011
dwbg_0_15683_10_000005_c11011,0,False,,0.003865466918796301,0.515533983707428,0.5811897613510181,15683
dwbg_0_7859_10_000000_c12012,0,False,,0.12296630442142487,0.31479325890541077,0.5110579455583664,7859
dwbg_0_7859_11_000001_c12012,0,False,,0.08453661948442459,0.0,0.4223824818937598,7859
dwbg_0_12011_11_000002_c12012,0,False,,0.07505816966295242,0.8883287310600281,0.6593529278464862,12011
dwbg_0_15683_35_000003_c12012,0,False,,0.046449266374111176,0.6159268617630005,0.5004390339039582,15683
dwbg_0_19997_10_000004_c12012,0,False,,0.003639548784121871,0.7000278234481812,0.5693827629569865,19997
dwbg_0_12011_10_000000_c14014,0,False,,0.16431568562984467,0.5738018155097961,0.5935840165731464,12011
dwbg_0_19997_10_000001_c14014,0,False,,0.00410863570868969,0.45182153582572937,0.5168832108232214,19997
dwbg_0_24571_0_000002_c14014,0,False,,0.0012294217012822628,0.3361782133579254,0.4871227968406258,24571
dwbg_0_30103_0_000003_c14014,0,False,,0.0014966726303100586,0.49376964569091797,0.4736708903974091,30103
dwbg_0_7859_0_000000_c15015,0,False,,0.05331943556666374,0.4703001081943512,0.6227355192543031,7859
dwbg_0_7859_17_000000_c16016,0,False,,0.009327484294772148,0.7410552501678467,0.5858018006862142,7859
dwbg_0_15683_35_000001_c16016,0,False,,0.007362089119851589,0.5005741119384766,0.5514671893761981,15683
dwbg_0_15683_0_000000_c17017,0,False,,0.0015575174475088716,0.7087188959121704,0.5284934612215895,15683
dwbg_0_19997_10_000001_c17017,0,False,,0.4190717041492462,0.0,0.40284372345336306,19997
dwbg_0_42_32_000000_c18018,0,False,,0.004304851870983839,0.7850084900856018,0.6791463443347908,42
dwbg_0_3407_0_000001_c18018,0,False,,0.004029571544378996,0.4324047267436981,0.35429509575383655,3407
dwbg_0_12011_10_000002_c18018,0,False,,0.003890244523063302,0.3613429665565491,0.5822452107059285,12011
dwbg_0_19997_29_000000_c19019,0,False,,0.03407345339655876,0.8092381358146667,0.5651448849415833,19997
dwbg_0_24571_0_000001_c19019,0,False,,0.0168171226978302,0.4584709107875824,0.4042985624235529,24571
dwbg_0_24571_19_000002_c19019,0,False,,0.0010233124485239387,0.0,8.850651138012562e-05,24571
dwbg_0_24571_2_000003_c19019,0,False,,0.02423296682536602,0.694473385810852,0.4618776818494504,24571
dwbg_0_42_0_000000_c20020,0,False,,0.01551760546863079,0.35544732213020325,0.4155153706466981,42
dwbg_0_42_10_000001_c20020,0,False,,0.03119855374097824,0.6414399743080139,0.4821642045664,42
dwbg_0_15683_10_000002_c20020,0,False,,0.0039346725679934025,0.6905333995819092,0.5604320132692739,15683
dwbg_0_30103_22_000003_c20020,0,False,,0.00689351512119174,0.5777184963226318,0.5174598452606621,30103
dwbg_0_12011_0_000000_c21021,0,False,,0.4535907208919525,0.4355577230453491,0.4761972037124386,12011
dwbg_0_15683_0_000001_c21021,0,False,,0.004455476067960262,0.815593957901001,0.6603243258038302,15683
dwbg_0_19997_10_000002_c21021,0,False,,0.014167563989758492,0.5734014511108398,0.5724532039791251,19997
dwbg_0_24571_0_000003_c21021,0,False,,0.01687638834118843,0.4900150001049042,0.571181144155351,24571
dwbg_0_42_23_000000_c22022,0,False,,0.21664442121982574,0.7045549750328064,0.6568524163031138,42
dwbg_0_7859_17_000001_c22022,0,False,,0.0033805654384195805,0.6724274754524231,0.6287883172684811,7859
dwbg_0_12011_10_000002_c22022,0,False,,0.001948252902366221,0.7366424202919006,0.4919630358695453,12011
dwbg_0_19997_10_000003_c22022,0,False,,0.006750390864908695,0.6638780832290649,0.6560599109284802,19997
dwbg_0_24571_0_000004_c22022,0,False,,0.013280934654176235,0.461638867855072,0.3983290864352163,24571
dwbg_0_30103_22_000005_c22022,0,False,,0.04212157428264618,0.8548451662063599,0.706377874169939,30103
dwbg_0_30103_26_000006_c22022,0,False,,0.27692142128944397,0.6110848784446716,0.7482667250043777,30103
dwbg_0_42_0_000000_c23023,0,False,,0.03155316039919853,0.3954564034938812,0.5760041541563189,42
dwbg_0_42_17_000001_c23023,0,False,,0.31943610310554504,0.8418756127357483,0.6169927426265966,42
dwbg_0_3407_0_000002_c23023,0,False,,0.3727884590625763,0.3724291920661926,0.502462387545179,3407
dwbg_0_3407_32_000003_c23023,0,False,,0.00273002777248621,0.3308582305908203,0.3380357132392013,3407
dwbg_0_3407_35_000004_c23023,0,False,,0.056251127272844315,0.48374801874160767,0.5693974046990666,3407
dwbg_0_7859_0_000005_c23023,0,False,,0.023121315985918045,0.49458494782447815,0.5520686769826036,7859
dwbg_0_12011_10_000006_c23023,0,False,,0.01954328641295433,0.7528949975967407,0.561144731849836,12011
dwbg_0_15683_0_000007_c23023,0,False,,0.3323090076446533,0.42497408390045166,0.46540306712977253,15683
dwbg_0_19997_12_000008_c23023,0,False,,0.002230265876278281,0.6527367234230042,0.49257928380304417,19997
dwbg_0_12011_0_000000_c24024,0,False,,0.13756421208381653,0.4062839448451996,0.337088242994872,12011
dwbg_0_19997_10_000001_c24024,0,False,,0.009012984111905098,0.5862662196159363,0.4910798146050216,19997
dwbg_0_19997_11_000002_c24024,0,False,,0.006894448306411505,0.7624777555465698,0.7041116571606653,19997
dwbg_0_19997_12_000003_c24024,0,False,,0.35986819863319397,0.7568799257278442,0.7005956987802899,19997
dwbg_0_19997_14_000004_c24024,0,False,,0.0,0.0,0.3694881223510578,19997
dwbg_0_19997_15_000005_c24024,0,False,,0.13686369359493256,0.5418853163719177,0.5217202484992988,19997
