candidate_id,class_id,eligible,valid_fold_count,utility_median,utility_mean,utility_std
dwbg_0_12011_10_000000_c14014,0,True,3,-1.0769634708635825,-0.7507510543767838,0.6422275315496861
dwbg_0_12011_11_000002_c12012,0,True,3,-1.108071396869099,-1.0519119715606366,0.49978673402777596
dwbg_0_12011_16_000261,0,True,3,0.03360834102336694,0.029456314571985664,0.2470261000898852
dwbg_0_12011_17_000262,0,True,3,0.09575033033539165,-0.1854440991571348,0.5434799121952658
dwbg_0_12011_25_000268,0,True,3,-1.0153998432027624,-0.9700699002191552,0.43901575143914473
dwbg_0_12011_35_000276,0,True,3,0.09549709779640424,0.10376753649984143,0.13092107199383263
dwbg_0_12011_49_000286,0,True,3,-0.7002674153082297,-0.6085531670762504,0.1793594854359457
dwbg_0_12011_51_000288,0,False,0,,,
dwbg_0_12011_56_000292,0,True,3,-0.77795670812651,-0.40320601442970583,0.5569166282238559
dwbg_0_12011_64_000298,0,False,0,,,
dwbg_0_12011_65_000299,0,False,0,,,
dwbg_0_12011_66_000300,0,True,3,-0.16613374522821794,-0.060796106145762085,0.32550559743447866
dwbg_0_12011_9_000312,0,True,3,-0.11391259729355833,-0.05603414657827031,0.3501046600687131
dwbg_0_15683_26_000350,0,False,0,,,
dwbg_0_15683_67_000383,0,True,3,0.07366872522874131,0.015622152303521286,0.30625212737608265
dwbg_0_19997_10_000001_c17017,0,True,3,0.08668849762857142,0.16012566775494072,0.19288186122305478
dwbg_0_19997_12_000003_c24024,0,False,0,,,
dwbg_0_19997_15_000005_c24024,0,True,3,0.03715286539980803,0.04896000732633559,0.24940839743499682
dwbg_0_19997_29_000000_c19019,0,True,3,0.0011108429762803212,-0.17608189217679646,0.39680436613982123
dwbg_0_19997_2_000425,0,True,3,-0.032424256281536924,-0.1902719422128775,0.5236342231265907
dwbg_0_19997_39_000443,0,True,3,0.08994808572766282,0.06929945173083608,0.23306806635158256
dwbg_0_19997_54_000457,0,True,3,-0.16412977219602534,-0.35656359656237074,0.2804252646207107
dwbg_0_19997_61_000462,0,False,0,,,
dwbg_0_19997_69_000470,0,False,0,,,
dwbg_0_19997_8_000475,0,True,3,0.06408304874029024,0.07654255497488334,0.09953259444764882
dwbg_0_24571_0_000503,0,True,3,-0.037243250797046115,-0.6165439536653105,0.929567471237853
dwbg_0_24571_13_000507,0,False,0,,,
dwbg_0_24571_22_000514,0,False,0,,,
dwbg_0_24571_26_000517,0,True,3,-0.4007379960915284,-0.42136161979785536,0.5746985932004409
dwbg_0_24571_33_000523,0,True,3,-0.4352400227214696,-0.3343329115647565,0.25188433739825067
dwbg_0_24571_58_000543,0,True,3,-0.23917220669541286,-0.1487838128484087,0.37976654792896025
dwbg_0_24571_60_000544,0,True,3,-0.27540319993953327,-0.25386710496315246,0.3883690145946532
dwbg_0_24571_73_000556,0,True,3,-1.03083742663755,-1.1173528709551015,0.8152863842369615
dwbg_0_24571_74_000557,0,True,3,-0.24769802251942385,-0.34258724601361057,0.5850019243904971
dwbg_0_24571_8_000559,0,True,3,-0.02118814727300828,-0.04767107787612649,0.28014974505102247
dwbg_0_30103_0_000001_c2002,0,True,3,-0.9583761627601227,-0.8338496457899685,0.6405758342620221
dwbg_0_30103_11_000588,0,True,3,0.10843229917752129,-0.36284412126874127,0.8576210986518621
dwbg_0_30103_21_000598,0,False,0,,,
dwbg_0_30103_26_000006_c22022,0,False,0,,,
dwbg_0_30103_27_000603,0,True,3,-0.30956556684524605,-0.09183539285425563,0.33064979051893145
dwbg_0_30103_36_000612,0,True,3,-0.09724682091841472,-0.037701137947739244,0.31629853516301154
dwbg_0_30103_54_000628,0,False,0,,,
dwbg_0_30103_60_000634,0,False,0,,,
dwbg_0_30103_67_000641,0,False,0,,,
dwbg_0_30103_9_000650,0,False,0,,,
dwbg_0_3407_17_000091,0,True,3,0.11622484582791785,0.16907383088024822,0.1360866447969196
dwbg_0_3407_26_000100,0,True,3,0.06863362625382731,-0.035698103943648855,0.4057199271034397
dwbg_0_3407_38_000112,0,True,3,-1.4199033002159829,-1.0767102361853238,0.8091058293293824
dwbg_0_3407_46_000118,0,True,3,0.07059669899122757,-0.17832393175393912,0.5011608875842063
dwbg_0_42_13_000003,0,False,0,,,
dwbg_0_42_17_000001_c23023,0,True,3,-1.2522023102126627,-0.8589887557209837,0.9176417109931844
dwbg_0_42_20_000010,0,True,3,-0.9196635167421805,-0.5705652152270693,0.5370184556998256
dwbg_0_42_23_000000_c22022,0,True,3,0.07171806585109533,0.14111954375898925,0.15271459248809985
dwbg_0_42_27_000015,0,True,3,-0.02273391732044767,-0.1408108472633056,0.32632937774252596
dwbg_0_42_31_000020,0,False,0,,,
dwbg_0_42_50_000038,0,True,3,0.03614770360447877,0.056177168548278644,0.18858191389472176
dwbg_0_42_51_000039,0,True,3,-0.5698762836507514,-0.4915028533885745,0.2975922565468925
dwbg_0_42_5_000002_c6006,0,False,0,,,
dwbg_0_42_62_000049,0,True,3,-0.9253356906285467,-0.5677520488786864,0.5302291089575605
dwbg_0_42_65_000052,0,True,3,-0.07873201454322633,-0.17939397882520558,0.16599898612636574
dwbg_0_42_75_000060,0,True,3,-0.30068585013895,-0.1520299049037437,0.33083617703651097
dwbg_0_42_7_000056,0,True,3,-1.0951284926020262,-0.8714101647600995,0.8568917733996572
dwbg_0_7859_11_000001_c12012,0,True,3,0.07426360546264345,0.09119613934880261,0.21406974521492955
dwbg_0_7859_17_000001_c1001,0,True,3,-0.433757787480616,-0.41795076170723705,0.17507807593631727
dwbg_0_7859_18_000002_c1001,0,True,3,0.007495093562101519,-0.11639314377963371,0.4496187468193214
dwbg_0_7859_21_000180,0,False,0,,,
dwbg_0_7859_37_000194,0,True,3,-0.7952370659387786,-0.5880962575215558,0.6259989162872102
dwbg_0_7859_41_000198,0,True,3,-0.783324686607981,-1.012996364978718,0.8338994009846029
dwbg_0_7859_45_000202,0,True,3,-0.9852246163062683,-0.8838407080385284,0.5840750503834874
dwbg_0_7859_49_000206,0,True,3,-0.17794876522512898,-0.049796198899517106,0.28601842000248473
dwbg_0_7859_54_000211,0,True,3,-0.2745733171741159,-0.15326244926098212,0.24800822531799166
dwbg_0_7859_59_000215,0,False,0,,,
dwbg_0_7859_8_000232,0,True,3,-0.7469590642345997,-0.7241206664246875,0.6298538884184105
dwbg_1_12011_16_000320,1,False,0,,,
dwbg_1_12011_1_000313,1,False,0,,,
dwbg_1_12011_22_000325,1,False,0,,,
dwbg_1_12011_26_000328,1,False,0,,,
dwbg_1_12011_28_000329,1,True,3,0.2904325131229425,0.24270637367025275,0.07727346201958936
dwbg_1_12011_30_000331,1,True,3,0.1358383703652954,0.11904530749170171,0.14414308481007443
dwbg_1_12011_31_000332,1,True,3,0.24088489366728585,0.2265619675227871,0.02175411532450341
dwbg_1_12011_34_000335,1,True,3,0.2884737281517114,0.3007713612544812,0.036179909320825265
dwbg_1_15683_13_000394,1,False,0,,,
dwbg_1_15683_21_000402,1,False,0,,,
dwbg_1_15683_25_000405,1,False,0,,,
dwbg_1_15683_26_000406,1,True,3,-0.21524628810571095,-0.40658882363459387,0.33056609814753274
dwbg_1_15683_27_000407,1,False,0,,,
dwbg_1_15683_2_000400,1,False,0,,,
dwbg_1_15683_35_000411,1,False,0,,,
dwbg_1_15683_5_000413,1,True,3,0.1622810293985333,-0.06053124578914435,0.4482174001864427
dwbg_1_19997_21_000485,1,True,3,0.18359446518016556,0.1843958503305886,0.021241149698434013
dwbg_1_19997_24_000488,1,False,0,,,
dwbg_1_19997_30_000493,1,False,0,,,
dwbg_1_19997_33_000496,1,False,0,,,
dwbg_1_19997_34_000497,1,False,0,,,
dwbg_1_19997_5_000499,1,True,3,0.26636379049916237,0.16639893427219735,0.19635532502797978
dwbg_1_19997_7_000500,1,False,0,,,
dwbg_1_24571_11_000562,1,False,0,,,
dwbg_1_24571_12_000563,1,False,0,,,
dwbg_1_24571_14_000565,1,False,0,,,
dwbg_1_24571_16_000567,1,False,0,,,
dwbg_1_24571_18_000568,1,True,3,0.08351211195721207,0.13619978793105844,0.1313857087031125
dwbg_1_24571_20_000571,1,False,0,,,
dwbg_1_24571_23_000573,1,False,0,,,
dwbg_1_24571_24_000574,1,True,3,0.26993447816873023,0.24587463332759749,0.08426910269733254
dwbg_1_24571_32_000580,1,False,0,,,
dwbg_1_24571_34_000581,1,False,0,,,
dwbg_1_24571_35_000582,1,True,3,-0.032699047294191305,-0.07387387849337652,0.20744014824823076
dwbg_1_24571_7_000584,1,False,0,,,
dwbg_1_30103_1_000652,1,True,3,0.27708566328750434,0.22079112224368933,0.12359196111385452
dwbg_1_30103_20_000661,1,False,0,,,
dwbg_1_30103_22_000662,1,False,0,,,
dwbg_1_30103_2_000660,1,False,0,,,
dwbg_1_30103_30_000668,1,False,0,,,
dwbg_1_30103_31_000669,1,True,3,-0.23890280613641143,-0.1547681743783261,0.1477881679183636
dwbg_1_30103_34_000671,1,False,0,,,
dwbg_1_3407_12_000145,1,True,3,0.05094164848097514,-0.011682092588180723,0.23234909851489868
dwbg_1_3407_14_000146,1,False,0,,,
dwbg_1_3407_15_000147,1,True,3,0.33591171092336586,0.29437669844749376,0.09136873494746071
dwbg_1_3407_18_000150,1,False,0,,,
dwbg_1_3407_19_000151,1,False,0,,,
dwbg_1_3407_23_000155,1,True,3,-0.08259709218175129,-0.10872539997053439,0.07509333442223731
dwbg_1_3407_24_000156,1,False,0,,,
dwbg_1_3407_28_000158,1,True,3,-0.01858036822313398,-0.33729029035096936,0.6959777505371005
dwbg_1_3407_30_000159,1,False,0,,,
dwbg_1_3407_32_000161,1,False,0,,,
dwbg_1_42_13_000064,1,True,3,0.15799535687220378,-0.16455926033325405,0.4704302775587519
dwbg_1_42_16_000067,1,False,0,,,
dwbg_1_42_23_000070,1,False,0,,,
dwbg_1_42_29_000074,1,True,3,-0.24970464479380367,-0.06585292117798004,0.26648980178925946
dwbg_1_42_2_000068,1,False,0,,,
dwbg_1_42_34_000078,1,False,0,,,
dwbg_1_42_35_000079,1,True,3,0.3115320877796339,0.3040921414765851,0.03964365428990464
dwbg_1_42_3_000075,1,False,0,,,
dwbg_1_42_4_000080,1,False,0,,,
dwbg_1_42_9_000082,1,False,0,,,
dwbg_1_7859_16_000237,1,True,3,-0.005099645359737488,0.15028784655076935,0.23409156210943144
dwbg_1_7859_20_000239,1,True,3,0.2221254677120261,0.0163749652755861,0.32845159572104593
dwbg_1_7859_23_000241,1,False,0,,,
dwbg_1_7859_28_000246,1,False,0,,,
dwbg_1_7859_29_000247,1,True,3,-0.034295173729472446,-0.18772898507361283,0.5964431516291022
dwbg_1_7859_34_000248,1,False,0,,,
dwbg_1_7859_5_000251,1,True,3,0.17542873867218386,0.053807719143093825,0.23147839095825198
dwbg_1_7859_8_000253,1,True,3,-0.15436259359929647,-0.11873674954164615,0.32341422589775576
dwbg_0_19997_12_000001_c10010,0,True,3,0.07272699169744685,0.1192516400352175,0.11564110469263562
dwbg_0_15683_65_000381,0,False,0,,,
dwbg_0_3407_35_000110,0,False,0,,,
dwbg_0_19997_17_000002_c10010,0,True,3,-0.6315998330034239,-0.5997411711332928,0.6674824462235586
dwbg_0_30103_43_000619,0,True,3,-1.318963643271431,-1.2245471776380643,0.9612562956732603
dwbg_0_24571_35_000525,0,True,3,-0.02340268419496501,-0.04842693598895701,0.07685393425158737
dwbg_0_42_63_000050,0,True,3,-0.5289761052427966,-0.3815988847230118,0.3497896681455
dwbg_0_3407_51_000121,0,False,0,,,
dwbg_0_24571_20_000512,0,True,3,-0.10563112444122685,-0.21795815003302152,0.32537534912348437
dwbg_0_7859_53_000210,0,True,3,-0.42198175364197327,-0.30962086415430323,0.5003334361806671
dwbg_0_15683_52_000371,0,True,3,-1.306103035984566,-1.1175618714958981,0.5716567105688575
dwbg_0_3407_9_000143,0,True,3,0.045970835652100514,0.012227982389736691,0.20664551795013245
dwbg_0_19997_10_000001_c14014,0,True,3,-0.2364084322107652,-0.2672359026659778,0.17411978229725297
dwbg_0_24571_16_000509,0,True,3,-0.16357888119820976,-0.12738380411161457,0.3801018858419897
dwbg_0_19997_27_000433,0,True,3,0.05918337551598589,-0.03938279482953687,0.35677654314327023
dwbg_0_24571_0_000000_c2002,0,True,3,-0.4131209483801364,-0.23329114181449848,0.40104880364375406
dwbg_0_7859_22_000181,0,False,0,,,
dwbg_0_19997_7_000471,0,True,3,-0.16795109531034325,-0.3184432638332353,0.4004650650344026
dwbg_0_7859_63_000219,0,True,2,0.08611103708411326,0.08611103708411326,0.02626991015752242
dwbg_0_19997_14_000420,0,True,3,-0.047148903535878174,0.0007828305010648753,0.2458869341177293
dwbg_0_15683_54_000373,0,True,3,-1.3344848537386316,-1.0396189453433449,0.7395005330277237
dwbg_0_7859_35_000192,0,False,0,,,
dwbg_0_24571_64_000548,0,True,3,0.1148986184890084,-0.10651299147618987,0.5237817395361152
dwbg_0_15683_10_000002_c3003,0,True,3,-0.09857777334264999,-0.10965177912983204,0.33801183899702114
dwbg_0_30103_46_000622,0,False,0,,,
dwbg_0_3407_45_000117,0,True,3,-0.27812268676002533,-0.3648030947227497,0.6410729961258902
dwbg_0_3407_33_000108,0,True,3,-0.04575059862420191,-0.04836064278515539,0.37555097457280995
dwbg_0_12011_29_000271,0,False,0,,,
dwbg_0_3407_68_000136,0,False,0,,,
dwbg_0_24571_42_000531,0,False,0,,,
dwbg_0_12011_58_000293,0,False,0,,,
dwbg_0_30103_37_000613,0,True,3,-0.0033950939358930086,-0.058234350680360064,0.3027922769461342
dwbg_0_24571_56_000541,0,True,3,-0.17389667455679161,-0.32301518018821457,0.5602784198527233
dwbg_0_19997_20_000426,0,True,3,-0.1056544426278335,0.03379324587948981,0.2244649089511351
dwbg_0_12011_10_000001_c7007,0,True,3,0.09849472396158422,0.15550707917497306,0.1425441193316419
dwbg_0_3407_32_000107,0,False,0,,,
dwbg_0_7859_28_000186,0,False,0,,,
dwbg_0_30103_0_000586,0,True,3,-0.3553346653797914,-0.2857436842000257,0.29620892542920085
dwbg_0_12011_18_000263,0,False,0,,,
dwbg_0_42_30_000019,0,True,3,-0.014151339823922807,0.0802538140997227,0.1365108933794728
dwbg_1_15683_16_000397,1,True,3,0.23038076541091504,0.048142934163649564,0.2644623255540665
dwbg_1_15683_33_000409,1,False,0,,,
dwbg_1_19997_19_000483,1,True,3,0.20624895696617307,0.13095381753043464,0.22937302331683235
dwbg_1_12011_13_000317,1,False,0,,,
dwbg_1_19997_14_000480,1,True,3,0.07984773962390612,0.03357455578385813,0.2630386597816983
dwbg_1_19997_15_000481,1,True,3,-0.32566555045361867,-0.22450611804405182,0.21497637556831847
dwbg_1_42_15_000066,1,True,3,0.2410531653047548,0.1371492287662438,0.19968480464842264
dwbg_1_7859_12_000235,1,True,3,0.012310076685188595,0.0802466517826631,0.2268107358750988
dwbg_1_12011_19_000322,1,True,3,-0.3367723045043977,-0.16145564334957277,0.2638987358168955
dwbg_1_19997_22_000486,1,True,3,-0.21153730254691985,-0.09231936188668467,0.40115665464376443
dwbg_1_3407_22_000154,1,True,3,-0.100652175300685,-0.2297909185597096,0.18520294485551334
dwbg_1_15683_4_000412,1,True,3,-0.2749491364362873,-0.19076441852410508,0.3556730923094108
dwbg_1_24571_30_000578,1,False,0,,,
dwbg_1_42_10_000063,1,False,0,,,
dwbg_1_15683_9_000415,1,False,0,,,
dwbg_1_30103_27_000666,1,False,0,,,
dwbg_1_7859_26_000244,1,False,0,,,
dwbg_1_3407_20_000152,1,True,3,0.03211540443255443,0.016980173495979967,0.23971090738250983
dwbg_1_7859_24_000242,1,False,0,,,
dwbg_1_15683_18_000399,1,False,0,,,
dwbg_1_12011_12_000316,1,False,0,,,
dwbg_1_42_24_000071,1,True,3,-0.35197118536919597,-0.44313898753100983,0.1328704815403531
dwbg_1_3407_31_000160,1,False,0,,,
dwbg_1_7859_27_000245,1,False,0,,,
dwbg_1_12011_23_000326,1,True,3,0.2756613631158786,0.3174824293483865,0.09668979443419996
dwbg_1_19997_35_000498,1,True,3,0.15862706224262366,-0.3240612009390614,0.8064965927935094
dwbg_1_42_14_000065,1,True,3,0.23349246487081268,0.05463827794584317,0.33081043963424484
dwbg_1_12011_11_000315,1,True,3,-0.3945936758043002,-0.17374905189747444,0.3546727930145798
dwbg_1_7859_6_000252,1,True,3,-0.22213951571157875,-0.3158884956084429,0.3695095744481897
dwbg_1_19997_20_000484,1,False,0,,,
dwbg_1_7859_35_000249,1,True,3,-0.25070515912907454,-0.19190070257372485,0.16875063778041097
dwbg_1_19997_23_000487,1,True,3,-0.7461948706766827,-0.8253935510300479,0.12925026485319566
dwbg_1_30103_28_000667,1,True,3,-0.3740402950675865,-0.2769074253623362,0.44642765265877854
dwbg_1_12011_21_000324,1,True,3,0.015904949770411896,-0.08710891718875413,0.4067997340054043
dwbg_1_3407_11_000144,1,False,0,,,
dwbg_1_30103_16_000658,1,True,3,0.2848507743752525,0.019836322381372562,0.38761073071495517
dwbg_1_3407_21_000153,1,True,3,0.2601319408278937,0.0034328269697967797,0.4152203137986395
dwbg_1_15683_32_000408,1,True,3,0.34753321976582746,0.37132110458006945,0.044036924126977885
dwbg_1_19997_8_000501,1,False,0,,,
dwbg_1_3407_33_000162,1,False,0,,,
