instance_id,image,gt_index,fold,class,yolo_iou,yolo_conf,yolo_status,rtdetr_iou,rtdetr_conf,rtdetr_status
fold0:blackinst_1:0,blackinst_1.jpg,0,0,1,0.9202269733726969,0.4211454689502716,success,0.8463782800420407,0.13924148678779602,localized_low_conf
fold0:blackinst_11:0,blackinst_11.jpg,0,0,1,0.8957597944670626,0.7633333802223206,success,0.8510671059901947,0.8226841688156128,success
fold0:blackinst_11:1,blackinst_11.jpg,1,0,1,0.8247256806959206,0.751481831073761,success,0.7988765236270698,0.07742943614721298,localized_low_conf
fold0:blackinst_12:0,blackinst_12.jpg,0,0,1,0.6072521789165507,0.6971949934959412,success,0.8510799058292533,0.10731152445077896,localized_low_conf
fold0:blackinst_12:1,blackinst_12.jpg,1,0,1,0.9140498648169455,0.5187967419624329,success,0.7173692231639781,0.8144780397415161,success
fold0:blackinst_19:0,blackinst_19.jpg,0,0,1,0.8011172617334751,0.6907179951667786,success,0.7911820713617729,0.10394527018070221,localized_low_conf
fold0:blackinst_19:1,blackinst_19.jpg,1,0,1,0.8487493140298074,0.6650431156158447,success,0.6682760111636676,0.09198494255542755,localized_low_conf
fold0:blackinst_20:0,blackinst_20.jpg,0,0,1,0.8008507344456091,0.5974936485290527,success,0.8584103152154674,0.10653335601091385,localized_low_conf
fold0:blackinst_22:0,blackinst_22.jpg,0,0,1,0.9408686230643621,0.6470136046409607,success,0.8453175517353858,0.09709662199020386,localized_low_conf
fold0:blackinst_22:1,blackinst_22.jpg,1,0,1,0.6857374523852369,0.7391645312309265,success,0.9429092939438682,0.1089552566409111,localized_low_conf
fold0:blackinst_26:0,blackinst_26.jpg,0,0,1,0.8651941888716472,0.6977840662002563,success,0.8999878072476079,0.09196735173463821,localized_low_conf
fold0:blackinst_26:1,blackinst_26.jpg,1,0,1,0.9362945240338479,0.698775053024292,success,0.7206514139633228,0.1102750152349472,localized_low_conf
fold0:blackinst_26:2,blackinst_26.jpg,2,0,1,0.86684221529325,0.6979554295539856,success,0.8643612639411772,0.09130451083183289,localized_low_conf
fold0:blackinst_27:0,blackinst_27.jpg,0,0,1,0.9026449133248124,0.5803158283233643,success,0.6575544990704137,0.7450135350227356,success
fold0:blackinst_32:0,blackinst_32.jpg,0,0,1,0.5676014673175754,0.7112200260162354,success,0.7140235354429406,0.09301205724477768,localized_low_conf
fold0:blackinst_32:1,blackinst_32.jpg,1,0,1,0.8624517486607541,0.5855490565299988,success,0.78845042916245,0.8051624298095703,success
fold0:blackinst_9:0,blackinst_9.jpg,0,0,1,0.8146719675082034,0.558797299861908,success,0.872604744284698,0.10831134766340256,localized_low_conf
fold0:blackinst_9:1,blackinst_9.jpg,1,0,1,0.6864880790201394,0.5576514601707458,success,0.8112996309589056,0.1287030726671219,localized_low_conf
fold0:img_1013_pre_part_1:0,img_1013_pre_part_1.jpg,0,0,1,0.0,0.2596376836299896,localization_failure,0.0,0.03132972493767738,localization_failure
fold0:img_1099_pre_part_1:0,img_1099_pre_part_1.jpg,0,0,0,0.8200394874316723,0.5799989700317383,success,0.9359297635162485,0.070523701608181,localized_low_conf
fold0:img_11478_pre_part_1:0,img_11478_pre_part_1.jpg,0,0,0,0.6669597544446721,0.5107536911964417,success,0.7161978762462572,0.7849264740943909,success
fold0:img_1333_pre_part_1:0,img_1333_pre_part_1.jpg,0,0,0,0.8844302275149333,0.6517090797424316,success,0.9396555961926248,0.05943918973207474,localized_low_conf
fold0:img_13734_pre_part_1:0,img_13734_pre_part_1.jpg,0,0,0,0.8681934477630042,0.118224136531353,localized_low_conf,0.8090113393040683,0.8014634251594543,success
fold0:img_15034_pre_part_1:0,img_15034_pre_part_1.jpg,0,0,0,0.9236770380747524,0.026886258274316788,localized_low_conf,0.6157834938776127,0.05575774237513542,localized_low_conf
fold0:img_15545_pre_part_1:0,img_15545_pre_part_1.jpg,0,0,0,0.7140090900373304,0.009607705287635326,localized_low_conf,0.5056996289115642,0.04331618919968605,localized_low_conf
fold0:img_1572_pre_part_1:0,img_1572_pre_part_1.jpg,0,0,0,0.0,0.0011850404553115368,localization_failure,0.7933753165379864,0.059351056814193726,localized_low_conf
fold0:img_15996_pre_part_1:0,img_15996_pre_part_1.jpg,0,0,0,0.769338548243099,0.6167489886283875,success,0.7750466926551599,0.795967161655426,success
fold0:img_16161_pre_part_1:0,img_16161_pre_part_1.jpg,0,0,1,0.7573530327051802,0.5809254050254822,success,0.7683654960838766,0.7428745031356812,success
fold0:img_16442_pre_part_1:0,img_16442_pre_part_1.jpg,0,0,0,0.935321841220476,0.24814079701900482,localized_low_conf,0.7117041663404925,0.03857485204935074,localized_low_conf
fold0:img_1797_pre_part_0:0,img_1797_pre_part_0.jpg,0,0,0,0.6748129030790038,0.46341219544410706,success,0.710794314340224,0.06901519000530243,localized_low_conf
fold0:img_18290_pre_part_0:0,img_18290_pre_part_0.jpg,0,0,0,0.580367290507151,0.005051749292761087,localized_low_conf,0.5723954636612887,0.04251137003302574,localized_low_conf
fold0:img_1944_pre_part_1:0,img_1944_pre_part_1.jpg,0,0,0,0.8257358289239223,0.519784688949585,success,0.9189019592121117,0.795411229133606,success
fold0:img_2028_pre_part_1:0,img_2028_pre_part_1.jpg,0,0,1,0.7019499871487895,0.5045573711395264,success,0.6674583664822601,0.0981857031583786,localized_low_conf
fold0:img_2034_pre_part_0:0,img_2034_pre_part_0.jpg,0,0,0,0.7434691633483079,0.55138099193573,success,0.8078877092510782,0.08548068255186081,localized_low_conf
fold0:img_2037_pre_part_1:0,img_2037_pre_part_1.jpg,0,0,0,0.7960801446144987,0.05380427837371826,localized_low_conf,0.7736102642536481,0.07811079174280167,localized_low_conf
fold0:img_2072_pre_part_1:0,img_2072_pre_part_1.jpg,0,0,0,0.7426472766823161,0.5797845125198364,success,0.925437279453023,0.08546994626522064,localized_low_conf
fold0:img_20948_pre_part_1:0,img_20948_pre_part_1.jpg,0,0,0,0.6994568360343907,0.5794178247451782,success,0.7437785908363098,0.053698956966400146,localized_low_conf
fold0:img_2248_pre_part_1:0,img_2248_pre_part_1.jpg,0,0,0,0.8847168632641121,0.48352158069610596,success,0.834165615523834,0.0652206614613533,localized_low_conf
fold0:img_22731_pre_part_0:0,img_22731_pre_part_0.jpg,0,0,1,0.745117973492236,0.037065524607896805,localized_low_conf,0.857598855986087,0.07840341329574585,localized_low_conf
fold0:img_24729_pre_part_1:0,img_24729_pre_part_1.jpg,0,0,0,0.6997067242747738,0.271771639585495,success,0.760644999879919,0.7988923192024231,success
fold0:img_2500_pre_part_1:0,img_2500_pre_part_1.jpg,0,0,0,0.7953797556045394,0.0357816256582737,localized_low_conf,0.7558826839483311,0.08824469894170761,localized_low_conf
fold0:img_2871_pre_part_1:0,img_2871_pre_part_1.jpg,0,0,0,0.7379349428142239,0.5214110612869263,success,0.7754744375730827,0.7899752259254456,success
fold0:img_3040_pre_part_1:0,img_3040_pre_part_1.jpg,0,0,0,0.5060005272687903,0.46572938561439514,success,0.6886825268181727,0.7978827953338623,success
fold0:img_3190_pre_part_0:0,img_3190_pre_part_0.jpg,0,0,1,0.7863489484673643,0.028209585696458817,localized_low_conf,0.6394080881700198,0.07036321610212326,localized_low_conf
fold0:img_3626_pre_part_1:0,img_3626_pre_part_1.jpg,0,0,0,0.7296507347101688,0.6496109366416931,success,0.7743044854153941,0.07186669111251831,localized_low_conf
fold0:img_4515_pre_part_0:0,img_4515_pre_part_0.jpg,0,0,0,0.7083680122802721,0.24175502359867096,localized_low_conf,0.6944129508287944,0.7454075217247009,success
fold0:img_460_pre_part_0:0,img_460_pre_part_0.jpg,0,0,1,0.8272827220735012,0.4645650386810303,success,0.7724719533588441,0.1251293271780014,localized_low_conf
fold0:img_4937_pre_part_1:0,img_4937_pre_part_1.jpg,0,0,0,0.644356998159215,0.017220376059412956,localized_low_conf,0.8306697659156247,0.06330843269824982,localized_low_conf
fold0:img_5107_pre_part_1:0,img_5107_pre_part_1.jpg,0,0,0,0.7744645596985319,0.14895415306091309,localized_low_conf,0.7485837422081671,0.07994581013917923,localized_low_conf
fold0:img_8297_pre_part_1:0,img_8297_pre_part_1.jpg,0,0,0,0.8780522355050359,0.5857723355293274,success,0.8765911683688331,0.7993483543395996,success
fold0:img_8363_pre_part_1:0,img_8363_pre_part_1.jpg,0,0,1,0.6585768362702286,0.4620279371738434,success,0.6083172764921443,0.7029984593391418,success
fold0:img_8747_pre_part_1:0,img_8747_pre_part_1.jpg,0,0,1,0.6548890764998868,0.23967018723487854,localized_low_conf,0.1842850967167886,0.020897476002573967,localization_failure
fold0:img_9438_pre_part_0:0,img_9438_pre_part_0.jpg,0,0,0,0.8876338914028161,0.03785734623670578,localized_low_conf,0.6883019546167707,0.041679441928863525,localized_low_conf
fold0:img_9504_pre_part_1:0,img_9504_pre_part_1.jpg,0,0,0,0.827775068634235,0.6391180157661438,success,0.8206092357260545,0.07892418652772903,localized_low_conf
fold0:img_9730_pre_part_1:0,img_9730_pre_part_1.jpg,0,0,0,0.8596794198831182,0.21333667635917664,localized_low_conf,0.736473011877429,0.7933226227760315,success
fold1:blackinst_10:0,blackinst_10.jpg,0,1,1,0.4984337780098447,0.07726312428712845,localization_failure,0.7795580902917113,0.06130170822143555,localized_low_conf
fold1:blackinst_13:0,blackinst_13.jpg,0,1,1,0.8890322664173326,0.828812837600708,success,0.8940048895391108,0.7604923844337463,success
fold1:blackinst_13:1,blackinst_13.jpg,1,1,1,0.869583333129006,0.7706620693206787,success,0.8807499540005005,0.08598998188972473,localized_low_conf
fold1:blackinst_13:2,blackinst_13.jpg,2,1,1,0.8207542924335409,0.6354402899742126,success,0.8008609924845119,0.05448178946971893,localized_low_conf
fold1:blackinst_17:0,blackinst_17.jpg,0,1,1,0.7867348021631816,0.7458934187889099,success,0.8083004081224378,0.11552833020687103,localized_low_conf
fold1:blackinst_17:1,blackinst_17.jpg,1,1,1,0.944379622778613,0.7657172679901123,success,0.8860545996077727,0.07838638871908188,localized_low_conf
fold1:blackinst_17:2,blackinst_17.jpg,2,1,1,0.822290447891515,0.7492638826370239,success,0.8096764019630525,0.06654611229896545,localized_low_conf
fold1:blackinst_17:3,blackinst_17.jpg,3,1,1,0.7455864332121995,0.13401129841804504,localized_low_conf,0.4988438020246159,0.04437744617462158,localization_failure
fold1:blackinst_24:0,blackinst_24.jpg,0,1,1,0.8573107589699759,0.766666054725647,success,0.7563971875648525,0.7444612383842468,success
fold1:blackinst_24:1,blackinst_24.jpg,1,1,1,0.9501502275857648,0.6117202043533325,success,0.8988560857697286,0.08799088001251221,localized_low_conf
fold1:blackinst_24:2,blackinst_24.jpg,2,1,1,0.8118937826881379,0.6011603474617004,success,0.939989631070444,0.06902193278074265,localized_low_conf
fold1:blackinst_34:0,blackinst_34.jpg,0,1,1,0.9401783987028738,0.8031701445579529,success,0.8733247927359258,0.10956860333681107,localized_low_conf
fold1:blackinst_34:1,blackinst_34.jpg,1,1,1,0.9067167328298712,0.7293618321418762,success,0.871610032445468,0.06701592355966568,localized_low_conf
fold1:blackinst_37:0,blackinst_37.jpg,0,1,1,0.816312770176148,0.7250880002975464,success,0.8569783641457702,0.7414274215698242,success
fold1:blackinst_8:0,blackinst_8.jpg,0,1,1,0.8018640480869295,0.36973321437835693,success,0.7330505043128331,0.0770951509475708,localized_low_conf
fold1:img_10012_pre_part_1:0,img_10012_pre_part_1.jpg,0,1,0,0.8787519348673908,0.6816015243530273,success,0.8531151308286359,0.7404769659042358,success
fold1:img_1023_pre_part_0:0,img_1023_pre_part_0.jpg,0,1,1,0.46561596332663086,0.6496528387069702,localization_failure,0.9268280191012115,0.09548279643058777,localized_low_conf
fold1:img_10510_pre_part_1:0,img_10510_pre_part_1.jpg,0,1,0,0.7446410559700124,0.0018915414111688733,localized_low_conf,0.7739836035668405,0.7486167550086975,success
fold1:img_11099_pre_part_0:0,img_11099_pre_part_0.jpg,0,1,0,0.8626094907138446,0.7196394205093384,success,0.8819872392280763,0.08440349251031876,localized_low_conf
fold1:img_1113_pre_part_0:0,img_1113_pre_part_0.jpg,0,1,1,0.3986190005534485,0.7453135251998901,localization_failure,0.644015710996492,0.08397353440523148,localized_low_conf
fold1:img_12317_pre_part_1:0,img_12317_pre_part_1.jpg,0,1,0,0.7434735166055506,0.7018184661865234,success,0.7689538491753477,0.18493838608264923,localized_low_conf
fold1:img_1235_pre_part_0:0,img_1235_pre_part_0.jpg,0,1,0,0.4317474766605544,0.6806568503379822,localization_failure,0.6939415718788762,0.09863734990358353,localized_low_conf
fold1:img_12458_pre_part_1:0,img_12458_pre_part_1.jpg,0,1,0,0.5449125881601572,0.6094757914543152,success,0.6442960715330357,0.07702603191137314,localized_low_conf
fold1:img_13538_pre_part_1:0,img_13538_pre_part_1.jpg,0,1,1,0.7515042850813993,0.6905152797698975,success,0.747948388540334,0.052805472165346146,localized_low_conf
fold1:img_1509_pre_part_1:0,img_1509_pre_part_1.jpg,0,1,1,0.7936982973177805,0.6754810214042664,success,0.7060176355736304,0.6815136075019836,success
fold1:img_15101_pre_part_1:0,img_15101_pre_part_1.jpg,0,1,0,0.5759065923106396,0.013125457800924778,localized_low_conf,0.6155176358101656,0.04417973756790161,localized_low_conf
fold1:img_15490_pre_part_1:0,img_15490_pre_part_1.jpg,0,1,0,0.6670064217034887,0.5987560749053955,success,0.7116585213547622,0.11286581307649612,localized_low_conf
fold1:img_15609_pre_part_1:0,img_15609_pre_part_1.jpg,0,1,0,0.6884416506029909,0.4689672291278839,success,0.6202405909819197,0.12268804758787155,localized_low_conf
fold1:img_15770_pre_part_1:0,img_15770_pre_part_1.jpg,0,1,0,0.46009568928934147,0.0013302622828632593,localization_failure,0.7576354292199441,0.042775802314281464,localized_low_conf
fold1:img_16871_pre_part_0:0,img_16871_pre_part_0.jpg,0,1,0,0.7763311387910165,0.43365541100502014,success,0.757692366896991,0.0831579640507698,localized_low_conf
fold1:img_19226_pre_part_0:0,img_19226_pre_part_0.jpg,0,1,1,0.695072180550945,0.7250525951385498,success,0.51566786037449,0.05009737238287926,localized_low_conf
fold1:img_2075_pre_part_1:0,img_2075_pre_part_1.jpg,0,1,0,0.8187059238739235,0.6865114569664001,success,0.8560436677673314,0.061253707855939865,localized_low_conf
fold1:img_2075_pre_part_1:1,img_2075_pre_part_1.jpg,1,1,0,0.8793499500293884,0.5492295622825623,success,0.7495406083348136,0.10840586572885513,localized_low_conf
fold1:img_2075_pre_part_1:2,img_2075_pre_part_1.jpg,2,1,0,0.7706678729945482,0.4292007386684418,success,0.7954845241878709,0.07447844743728638,localized_low_conf
fold1:img_2195_pre_part_1:0,img_2195_pre_part_1.jpg,0,1,1,0.838177477266672,0.703361451625824,success,0.8475033636377817,0.10678482055664062,localized_low_conf
fold1:img_21979_pre_part_1:0,img_21979_pre_part_1.jpg,0,1,0,0.6640197103994517,0.13397222757339478,localized_low_conf,0.8112341599993367,0.6179468631744385,success
fold1:img_22666_pre_part_1:0,img_22666_pre_part_1.jpg,0,1,0,0.7336882657278063,0.5745556354522705,success,0.5823508547250674,0.7216058969497681,success
fold1:img_2273_pre_part_1:0,img_2273_pre_part_1.jpg,0,1,1,0.7886867984064732,0.746564507484436,success,0.7945807815226459,0.7315333485603333,success
fold1:img_23458_pre_part_0:0,img_23458_pre_part_0.jpg,0,1,1,0.7420599716292728,0.7137001752853394,success,0.7366447798153863,0.7173141837120056,success
fold1:img_2538_pre_part_1:0,img_2538_pre_part_1.jpg,0,1,0,0.8605152224446021,0.004759887233376503,localized_low_conf,0.923285937098487,0.0865456610918045,localized_low_conf
fold1:img_2572_pre_part_1:0,img_2572_pre_part_1.jpg,0,1,0,0.8090229297209653,0.6912558078765869,success,0.8289439603073501,0.09330306202173233,localized_low_conf
fold1:img_2872_pre_part_1:0,img_2872_pre_part_1.jpg,0,1,0,0.5817437815541991,0.35780394077301025,success,0.5387606514647499,0.2876648008823395,success
fold1:img_3598_pre_part_0:0,img_3598_pre_part_0.jpg,0,1,0,0.7658840476203562,0.7069138884544373,success,0.7743188557776398,0.07829828560352325,localized_low_conf
fold1:img_3889_pre_part_1:0,img_3889_pre_part_1.jpg,0,1,0,0.783376625725063,0.5873434543609619,success,0.639061476058237,0.7427614331245422,success
fold1:img_5891_pre_part_1:0,img_5891_pre_part_1.jpg,0,1,0,0.6413239198994769,0.1087537333369255,localized_low_conf,0.3902559341263663,0.03155163303017616,localization_failure
fold1:img_693_pre_part_1:0,img_693_pre_part_1.jpg,0,1,0,0.7449707840574691,0.6005048155784607,success,0.7658752964295819,0.06245486065745354,localized_low_conf
fold1:img_7241_pre_part_0:0,img_7241_pre_part_0.jpg,0,1,0,0.8644413142098244,0.6298275589942932,success,0.7853925106606493,0.08443275839090347,localized_low_conf
fold1:img_7734_pre_part_0:0,img_7734_pre_part_0.jpg,0,1,0,0.8573644738473241,0.7114265561103821,success,0.8916611640675264,0.7588099837303162,success
fold1:img_7953_pre_part_1:0,img_7953_pre_part_1.jpg,0,1,0,0.6606552321801513,0.777958333492279,success,0.7245820617416123,0.7531003952026367,success
fold1:img_8507_pre_part_1:0,img_8507_pre_part_1.jpg,0,1,0,0.6123239591692066,0.5502442121505737,success,0.7706332869809976,0.0705757811665535,localized_low_conf
fold1:img_879_pre_part_1:0,img_879_pre_part_1.jpg,0,1,0,0.6986055636440209,0.5071611404418945,success,0.7152325901704947,0.7281736135482788,success
fold1:img_8935_pre_part_0:0,img_8935_pre_part_0.jpg,0,1,0,0.711152668346328,0.26053401827812195,success,0.742390260251906,0.6464648246765137,success
fold1:img_900_pre_part_1:0,img_900_pre_part_1.jpg,0,1,0,0.7169119902655309,0.28758537769317627,success,0.8880041010082419,0.5994994044303894,success
fold1:img_9157_pre_part_1:0,img_9157_pre_part_1.jpg,0,1,0,0.7890574834352255,0.38230976462364197,success,0.8484355070625987,0.6701949238777161,success
fold1:img_9509_pre_part_0:0,img_9509_pre_part_0.jpg,0,1,1,0.8074714261942293,0.0011093973880633712,localized_low_conf,0.3152914410569316,0.01931791752576828,localization_failure
fold1:img_995_pre_part_1:0,img_995_pre_part_1.jpg,0,1,1,0.7064580308501139,0.7156097292900085,success,0.6429660519157205,0.037198711186647415,localized_low_conf
fold2:blackinst_15:0,blackinst_15.jpg,0,2,1,0.8337261968101164,0.5466230511665344,success,0.7834928579487925,0.7651499509811401,success
fold2:blackinst_15:1,blackinst_15.jpg,1,2,1,0.9465551529136714,0.7217500805854797,success,0.8903845376177667,0.10224433988332748,localized_low_conf
fold2:blackinst_16:0,blackinst_16.jpg,0,2,1,0.9026242600427402,0.7087969183921814,success,0.9064862558570883,0.08732208609580994,localized_low_conf
fold2:blackinst_16:1,blackinst_16.jpg,1,2,1,0.7911965124704202,0.5617424845695496,success,0.8300839714054918,0.29939788579940796,success
fold2:blackinst_16:2,blackinst_16.jpg,2,2,1,0.7862922858832398,0.13145661354064941,localized_low_conf,0.9370219870555503,0.0923888236284256,localized_low_conf
fold2:blackinst_23:0,blackinst_23.jpg,0,2,1,0.8407549388448943,0.5984964966773987,success,0.7564919610469093,0.05964060127735138,localized_low_conf
fold2:blackinst_23:1,blackinst_23.jpg,1,2,1,0.6305075961260255,0.6410390734672546,success,0.8582869947211624,0.06069962680339813,localized_low_conf
fold2:blackinst_28:0,blackinst_28.jpg,0,2,1,0.7168072952543149,0.5090410113334656,success,0.8262555595979424,0.08077302575111389,localized_low_conf
fold2:blackinst_30:0,blackinst_30.jpg,0,2,1,0.7728295292175275,0.6796284317970276,success,0.8980699094203103,0.742119550704956,success
fold2:blackinst_30:1,blackinst_30.jpg,1,2,1,0.7460472376640859,0.3789897561073303,success,0.8211595984162149,0.0841284766793251,localized_low_conf
fold2:blackinst_36:0,blackinst_36.jpg,0,2,1,0.8778056696512554,0.6300156116485596,success,0.8190660342762135,0.10191570967435837,localized_low_conf
fold2:blackinst_36:1,blackinst_36.jpg,1,2,1,0.8208560724147447,0.46791666746139526,success,0.8304488171673542,0.08606777340173721,localized_low_conf
fold2:blackinst_4:0,blackinst_4.jpg,0,2,1,0.8271038196145543,0.5880135893821716,success,0.7885244922652312,0.07109066843986511,localized_low_conf
fold2:blackinst_4:1,blackinst_4.jpg,1,2,1,0.8399302717369341,0.27955594658851624,success,0.771426706915466,0.09234441816806793,localized_low_conf
fold2:blackinst_7:0,blackinst_7.jpg,0,2,1,0.8255756355768401,0.6717103719711304,success,0.8784540800515251,0.0939115360379219,localized_low_conf
fold2:blackinst_7:1,blackinst_7.jpg,1,2,1,0.7972031649129417,0.4106985926628113,success,0.7407990801121137,0.7218966484069824,success
fold2:blackinst_7:2,blackinst_7.jpg,2,2,1,0.8682463647169187,0.6410452723503113,success,0.6227120214434269,0.08671082556247711,localized_low_conf
fold2:img_1016_pre_part_0:0,img_1016_pre_part_0.jpg,0,2,0,0.5522315324551286,0.4676162004470825,success,0.49663224206712286,0.08331240713596344,localization_failure
fold2:img_1020_pre_part_0:0,img_1020_pre_part_0.jpg,0,2,0,0.3779814084900113,0.7860808372497559,localization_failure,0.38034293628001087,0.08200225979089737,localization_failure
fold2:img_1022_pre_part_1:0,img_1022_pre_part_1.jpg,0,2,0,0.6234432820744699,0.7178513407707214,success,0.7713674807180926,0.4262349009513855,success
fold2:img_1083_pre_part_0:0,img_1083_pre_part_0.jpg,0,2,1,0.9428310238447444,0.7312673926353455,success,0.8076954298290194,0.7549291253089905,success
fold2:img_1113_pre_part_1:0,img_1113_pre_part_1.jpg,0,2,0,0.8573520487788792,0.6405076384544373,success,0.8622877316477029,0.10523995012044907,localized_low_conf
fold2:img_12185_pre_part_1:0,img_12185_pre_part_1.jpg,0,2,0,0.7532924854086699,0.24145916104316711,localized_low_conf,0.7755469243762303,0.7886521816253662,success
fold2:img_1474_pre_part_1:0,img_1474_pre_part_1.jpg,0,2,0,0.8585861771531826,0.7559569478034973,success,0.7743931175038424,0.09974019229412079,localized_low_conf
fold2:img_1505_pre_part_1:0,img_1505_pre_part_1.jpg,0,2,1,0.5592164229185829,0.08200903981924057,localized_low_conf,0.8414802911313206,0.435333788394928,success
fold2:img_1505_pre_part_1:1,img_1505_pre_part_1.jpg,1,2,1,0.29758775147193495,0.0745086744427681,localization_failure,0.6036552739237983,0.08658219873905182,localized_low_conf
fold2:img_1505_pre_part_1:2,img_1505_pre_part_1.jpg,2,2,1,0.0,0.09156244248151779,localization_failure,0.4888382051533562,0.020360572263598442,localization_failure
fold2:img_1515_pre_part_1:0,img_1515_pre_part_1.jpg,0,2,1,0.37122467393092756,0.5964593291282654,localization_failure,0.6770061993316923,0.09682721644639969,localized_low_conf
fold2:img_15170_pre_part_0:0,img_15170_pre_part_0.jpg,0,2,0,0.7883699967588809,0.3442847430706024,success,0.7937732635177855,0.10455857217311859,localized_low_conf
fold2:img_15890_pre_part_0:0,img_15890_pre_part_0.jpg,0,2,0,0.6268471666178368,0.16350111365318298,localized_low_conf,0.5445941646901771,0.07471439242362976,localized_low_conf
fold2:img_17204_pre_part_1:0,img_17204_pre_part_1.jpg,0,2,0,0.5696589771143771,0.5549842119216919,success,0.7037522433407714,0.11866004019975662,localized_low_conf
fold2:img_2118_pre_part_1:0,img_2118_pre_part_1.jpg,0,2,1,0.6203333202498765,0.459957480430603,success,0.6996841992012804,0.09179096668958664,localized_low_conf
fold2:img_21637_pre_part_1:0,img_21637_pre_part_1.jpg,0,2,0,0.8879439770904547,0.6097270846366882,success,0.9046367781887072,0.10246825218200684,localized_low_conf
fold2:img_2201_pre_part_1:0,img_2201_pre_part_1.jpg,0,2,0,0.6754251033281532,0.7953853607177734,success,0.8155523676217035,0.10680285096168518,localized_low_conf
fold2:img_23459_pre_part_0:0,img_23459_pre_part_0.jpg,0,2,1,0.7693238465367283,0.5228788256645203,success,0.7553563705676302,0.731365442276001,success
fold2:img_24425_pre_part_1:0,img_24425_pre_part_1.jpg,0,2,0,0.6969290226207618,0.6080254912376404,success,0.8624846731830007,0.11725090444087982,localized_low_conf
fold2:img_24459_pre_part_1:0,img_24459_pre_part_1.jpg,0,2,0,0.7011767386111034,0.20641349256038666,localized_low_conf,0.655402227245481,0.0940857082605362,localized_low_conf
fold2:img_2900_pre_part_1:0,img_2900_pre_part_1.jpg,0,2,0,0.7839042952438042,0.22983242571353912,localized_low_conf,0.8306218134580867,0.10624237358570099,localized_low_conf
fold2:img_3207_pre_part_1:0,img_3207_pre_part_1.jpg,0,2,0,0.8896537335576143,0.3334079384803772,success,0.8491859018317602,0.07469669729471207,localized_low_conf
fold2:img_3292_pre_part_1:0,img_3292_pre_part_1.jpg,0,2,0,0.8073040676071416,0.16632123291492462,localized_low_conf,0.598179855049131,0.7380764484405518,success
fold2:img_3441_pre_part_1:0,img_3441_pre_part_1.jpg,0,2,0,0.9367995355956601,0.14586448669433594,localized_low_conf,0.7141610066213369,0.756271243095398,success
fold2:img_3523_pre_part_1:0,img_3523_pre_part_1.jpg,0,2,0,0.6770566744473816,0.7674334645271301,success,0.7034025150602241,0.08346489816904068,localized_low_conf
fold2:img_3539_pre_part_1:0,img_3539_pre_part_1.jpg,0,2,1,0.9030208386147474,0.27656856179237366,success,0.7400993985931567,0.08512952923774719,localized_low_conf
fold2:img_4108_pre_part_1:0,img_4108_pre_part_1.jpg,0,2,0,0.7303799187613862,0.38841572403907776,success,0.6623234754417897,0.090943343937397,localized_low_conf
fold2:img_4321_pre_part_1:0,img_4321_pre_part_1.jpg,0,2,1,0.769103688917056,0.6055635809898376,success,0.8532650068923022,0.1061791405081749,localized_low_conf
fold2:img_4462_pre_part_1:0,img_4462_pre_part_1.jpg,0,2,0,0.7489139246442251,0.7969303131103516,success,0.6099284604346855,0.11161131411790848,localized_low_conf
fold2:img_525_pre_part_1:0,img_525_pre_part_1.jpg,0,2,0,0.550883852007337,0.6738886833190918,success,0.7331992631688247,0.10734232515096664,localized_low_conf
fold2:img_6075_pre_part_1:0,img_6075_pre_part_1.jpg,0,2,0,0.7292683638607251,0.3433823585510254,success,0.7645134977868084,0.750272274017334,success
fold2:img_639_pre_part_1:0,img_639_pre_part_1.jpg,0,2,0,0.5592559946467971,0.22697651386260986,localized_low_conf,0.8081533375342511,0.06615489721298218,localized_low_conf
fold2:img_6576_pre_part_1:0,img_6576_pre_part_1.jpg,0,2,0,0.8294617147543203,0.8319463133811951,success,0.7498743875972909,0.07431691139936447,localized_low_conf
fold2:img_6648_pre_part_1:0,img_6648_pre_part_1.jpg,0,2,0,0.0,,localization_failure,0.9421829275302773,0.008011448197066784,localized_low_conf
fold2:img_6811_pre_part_1:0,img_6811_pre_part_1.jpg,0,2,0,0.6908105746295752,0.7249636650085449,success,0.854698310271039,0.7588859796524048,success
fold2:img_8308_pre_part_1:0,img_8308_pre_part_1.jpg,0,2,0,0.8319423538260617,0.45736533403396606,success,0.902242700135686,0.07788369804620743,localized_low_conf
fold2:img_9389_pre_part_1:0,img_9389_pre_part_1.jpg,0,2,1,0.9036872524445292,0.5578200817108154,success,0.8248260128213571,0.7535955905914307,success
fold2:img_9399_pre_part_1:0,img_9399_pre_part_1.jpg,0,2,1,0.6718709223942143,0.07086849212646484,localized_low_conf,0.5580132599596811,0.05013689398765564,localized_low_conf
fold2:img_9399_pre_part_1:1,img_9399_pre_part_1.jpg,1,2,1,0.6072008356673664,0.22768735885620117,localized_low_conf,0.4293448916266701,0.0715908482670784,localization_failure
fold2:img_970_pre_part_1:0,img_970_pre_part_1.jpg,0,2,0,0.836806531045358,0.7828927636146545,success,0.7763255907013067,0.10842208564281464,localized_low_conf
